Created at,UserId,Inbound/Outbound,Conversation ID,driver_distinguish,user_register_date,driver_register_date,ride_count,drive_count,days_to_question_since_registered,days_to_question_since_driver_registed,質問月
2019/06/01,21676,Inbound,22271917231,1,10/27,11/03,0,316,217,210,6
2019/06/01,44861,Inbound,22271931876,1,04/18,04/21,8,90,44,41,6
2019/06/01,25211,Inbound,22271970188,1,11/27,12/04,0,338,186,179,6
2019/06/01,18976,Inbound,22272188074,1,09/28,02/14,30,93,246,107,6
2019/06/01,9258,Inbound,22272240436,1,01/15,01/16,18,520,502,501,6
2019/06/01,23315,Inbound,22272637826,1,11/12,11/13,0,88,201,200,6
2019/06/01,17121,Inbound,22273089906,1,09/05,11/03,19,0,269,210,6
2019/06/01,37391,Inbound,22273793158,1,02/28,02/28,0,49,93,93,6
2019/06/01,45476,Inbound,22273796495,1,04/22,04/23,3,29,40,39,6
2019/06/01,33002,Inbound,22273865513,1,01/06,01/06,0,326,146,146,6
2019/06/01,2035,Inbound,22273911985,1,03/01,09/03,28,0,822,271,6
2019/06/01,27488,Inbound,22273914235,1,12/09,12/11,2,497,174,172,6
2019/06/01,45141,Inbound,22274264699,1,04/20,04/21,0,71,42,41,6
2019/06/01,32441,Inbound,22274398883,1,12/29,12/29,0,7,154,154,6
2019/06/01,18339,Inbound,22276703692,1,09/18,09/19,16,452,256,255,6
2019/06/01,50872,Inbound,22277050808,1,05/27,05/27,0,10,5,5,6
2019/06/01,36892,Inbound,22277560191,1,02/24,02/24,0,52,97,97,6
2019/06/01,28846,Inbound,22278680660,1,12/15,12/26,0,2,168,157,6
2019/06/01,49921,Inbound,22278991086,1,05/20,05/21,0,0,12,11,6
2019/06/01,45141,Inbound,22280038607,1,04/20,04/21,0,71,42,41,6
2019/06/01,46761,Inbound,22280499314,1,04/30,04/30,0,79,32,32,6
2019/06/01,38230,Inbound,22280505495,1,03/05,03/05,0,194,88,88,6
2019/06/01,22562,Inbound,22280531564,1,11/04,11/04,0,84,209,209,6
2019/06/01,47678,Inbound,22280802526,1,05/07,05/07,0,1,25,25,6
2019/06/01,33002,Inbound,22280971494,1,01/06,01/06,0,326,146,146,6
2019/06/01,50799,Inbound,22281113853,1,05/26,05/26,0,27,6,6,6
2019/06/01,27488,Inbound,22281137700,1,12/09,12/11,2,497,174,172,6
2019/06/01,47033,Inbound,22281856189,1,05/02,05/03,0,125,30,29,6
2019/06/01,31804,Inbound,22281998954,1,12/27,02/17,0,92,156,104,6
2019/06/01,49198,Inbound,22282238189,1,05/16,05/16,0,2,16,16,6
2019/06/01,51103,Inbound,22282285099,1,05/29,05/29,0,30,3,3,6
2019/06/01,51103,Inbound,22282290325,1,05/29,05/29,0,30,3,3,6
2019/06/01,9258,Inbound,22282332540,1,01/15,01/16,18,520,502,501,6
2019/06/01,763,Inbound,22283121133,1,04/03,04/15,1,837,1154,1142,6
2019/06/02,48731,Inbound,22283141576,1,05/13,05/14,0,13,20,19,6
2019/06/02,18452,Inbound,22283151738,1,09/20,09/22,0,56,255,253,6
2019/06/02,37391,Inbound,22283207572,1,02/28,02/28,0,49,94,94,6
2019/06/02,44417,Inbound,22283321729,1,04/14,04/14,0,6,49,49,6
2019/06/02,50872,Inbound,22283471562,1,05/27,05/27,0,10,6,6,6
2019/06/02,9258,Inbound,22283720605,1,01/15,01/16,18,520,503,502,6
2019/06/02,44417,Inbound,22283757769,1,04/14,04/14,0,6,49,49,6
2019/06/02,1902,Inbound,22283793041,1,02/11,04/13,0,29,841,50,6
2019/06/02,9258,Inbound,22284117472,1,01/15,01/16,18,520,503,502,6
2019/06/02,21676,Inbound,22284457525,1,10/27,11/03,0,316,218,211,6
2019/06/02,25211,Inbound,22284659085,1,11/27,12/04,0,338,187,180,6
2019/06/02,27488,Inbound,22284660733,1,12/09,12/11,2,497,175,173,6
2019/06/02,37361,Inbound,22285582961,1,02/28,02/28,0,49,94,94,6
2019/06/02,1902,Inbound,22285628837,1,02/11,04/13,0,29,841,50,6
2019/06/02,38379,Inbound,22285634004,1,03/06,03/09,0,38,88,85,6
2019/06/02,48774,Inbound,22285661505,1,05/13,05/14,0,41,20,19,6
2019/06/02,49837,Inbound,22286606876,1,05/19,05/19,0,2,14,14,6
2019/06/02,48072,Inbound,22286791682,1,05/09,05/10,0,61,24,23,6
2019/06/02,42314,Inbound,22286795277,1,03/31,03/31,0,44,63,63,6
2019/06/02,47236,Inbound,22287168513,1,05/04,05/05,1,9,29,28,6
2019/06/02,18089,Inbound,22287558443,1,09/15,09/15,4,259,260,260,6
2019/06/02,43191,Inbound,22287579077,1,04/06,04/06,0,2,57,57,6
2019/06/02,21721,Inbound,22287620942,1,10/27,10/27,0,0,218,218,6
2019/06/02,51122,Inbound,22287635833,1,05/29,05/29,0,13,4,4,6
2019/06/02,11414,Inbound,22287706542,1,03/18,03/18,9,299,441,441,6
2019/06/02,21795,Inbound,22288093360,1,10/28,10/28,0,159,217,217,6
2019/06/02,45698,Inbound,22288283660,1,04/24,04/24,0,55,39,39,6
2019/06/02,49830,Inbound,22288397561,1,05/19,05/19,0,44,14,14,6
2019/06/02,47355,Inbound,22288510797,1,05/05,05/05,0,23,28,28,6
2019/06/02,3590,Inbound,22288589663,1,07/13,07/13,0,1037,689,689,6
2019/06/02,44636,Inbound,22288636581,1,04/16,04/18,0,25,47,45,6
2019/06/02,47033,Inbound,22288684228,1,05/02,05/03,0,125,31,30,6
2019/06/02,48774,Inbound,22288686257,1,05/13,05/14,0,41,20,19,6
2019/06/02,45169,Inbound,22288873232,1,04/20,04/21,0,6,43,42,6
2019/06/02,51103,Inbound,22289064166,1,05/29,05/29,0,30,4,4,6
2019/06/02,18976,Inbound,22289074043,1,09/28,02/14,30,93,247,108,6
2019/06/02,45698,Inbound,22289618217,1,04/24,04/24,0,55,39,39,6
2019/06/02,21676,Inbound,22290180673,1,10/27,11/03,0,316,218,211,6
2019/06/03,21795,Inbound,22290352340,1,10/28,10/28,0,159,218,218,6
2019/06/03,18976,Inbound,22290413533,1,09/28,02/14,30,93,248,109,6
2019/06/03,38379,Inbound,22291524199,1,03/06,03/09,0,38,89,86,6
2019/06/03,21897,Inbound,22292166098,1,10/29,10/29,6,436,217,217,6
2019/06/03,48774,Inbound,22292241230,1,05/13,05/14,0,41,21,20,6
2019/06/03,47678,Inbound,22293608693,1,05/07,05/07,0,1,27,27,6
2019/06/03,49365,Inbound,22293703349,1,05/17,05/18,0,4,17,16,6
2019/06/03,24636,Inbound,22293858517,1,11/24,11/24,0,53,191,191,6
2019/06/03,50081,Inbound,22293872326,1,05/21,05/22,0,8,13,12,6
2019/06/03,48193,Inbound,22295803442,1,05/10,05/13,0,0,24,21,6
2019/06/03,46924,Inbound,22296155780,1,05/02,05/02,0,1,32,32,6
2019/06/03,40373,Inbound,22296934815,1,03/19,03/19,0,49,76,76,6
2019/06/03,46761,Inbound,22298647524,1,04/30,04/30,0,79,34,34,6
2019/06/03,51119,Inbound,22298810813,1,05/29,05/29,0,1,5,5,6
2019/06/03,51000,Inbound,22299009453,1,05/28,05/28,0,2,6,6,6
2019/06/03,39362,Inbound,22299055243,1,03/12,05/19,0,9,83,15,6
2019/06/03,28321,Inbound,22299112960,1,12/13,12/13,0,160,172,172,6
2019/06/03,49614,Inbound,22299146524,1,05/18,05/18,1,22,16,16,6
2019/06/03,50799,Inbound,22299154110,1,05/26,05/26,0,27,8,8,6
2019/06/03,51106,Inbound,22299283798,1,05/29,05/29,0,81,5,5,6
2019/06/03,46761,Inbound,22299287726,1,04/30,04/30,0,79,34,34,6
2019/06/03,27889,Inbound,22299575580,1,12/11,12/11,0,117,174,174,6
2019/06/03,50086,Inbound,22299698894,1,05/21,05/22,0,114,13,12,6
2019/06/03,46761,Inbound,22299799878,1,04/30,04/30,0,79,34,34,6
2019/06/03,11414,Inbound,22300015804,1,03/18,03/18,9,299,442,442,6
2019/06/03,50839,Inbound,22300071537,1,05/26,05/27,0,8,8,7,6
2019/06/03,7667,Inbound,22300134335,1,12/02,12/07,1,522,548,543,6
2019/06/03,48072,Inbound,22300321620,1,05/09,05/10,0,61,25,24,6
2019/06/03,12859,Inbound,22300340065,1,05/12,05/12,33,0,387,387,6
2019/06/03,37966,Inbound,22300500420,1,03/03,03/05,2,12,92,90,6
2019/06/03,35735,Inbound,22300542539,1,02/16,02/21,36,0,107,102,6
2019/06/03,18976,Inbound,22300623043,1,09/28,02/14,30,93,248,109,6
2019/06/03,31804,Inbound,22301050630,1,12/27,02/17,0,92,158,106,6
2019/06/03,13337,Inbound,22301162554,1,06/02,06/08,2,352,366,360,6
2019/06/03,37391,Inbound,22302675358,1,02/28,02/28,0,49,95,95,6
2019/06/03,18976,Inbound,22303636220,1,09/28,02/14,30,93,248,109,6
2019/06/04,36998,Inbound,22304192100,1,02/25,02/26,0,176,99,98,6
2019/06/04,46761,Inbound,22304201655,1,04/30,04/30,0,79,35,35,6
2019/06/04,51221,Inbound,22304311454,1,05/30,05/30,0,170,5,5,6
2019/06/04,37228,Inbound,22304692209,1,02/27,02/27,0,448,97,97,6
2019/06/04,50086,Inbound,22305159194,1,05/21,05/22,0,114,14,13,6
2019/06/04,37228,Inbound,22305438178,1,02/27,02/27,0,448,97,97,6
2019/06/04,47033,Inbound,22305563248,1,05/02,05/03,0,125,33,32,6
2019/06/04,13561,Inbound,22306127781,1,06/09,06/09,2,31,360,360,6
2019/06/04,50880,Inbound,22306229466,1,05/27,05/27,0,54,8,8,6
2019/06/04,45963,Inbound,22306753639,1,04/26,04/26,0,73,39,39,6
2019/06/04,47687,Inbound,22309879851,1,05/07,05/07,0,4,28,28,6
2019/06/04,45551,Inbound,22310076168,1,04/23,04/23,0,2,42,42,6
2019/06/04,51335,Inbound,22310760644,1,05/30,05/30,0,0,5,5,6
2019/06/04,50463,Inbound,22311253997,1,05/24,05/25,0,44,11,10,6
2019/06/04,48190,Inbound,22313513553,1,05/10,05/12,0,22,25,23,6
2019/06/04,27834,Inbound,22314384069,1,12/11,12/11,0,126,175,175,6
2019/06/04,46761,Inbound,22314417526,1,04/30,04/30,0,79,35,35,6
2019/06/04,44861,Inbound,22314446402,1,04/18,04/21,8,90,47,44,6
2019/06/04,27889,Inbound,22314911988,1,12/11,12/11,0,117,175,175,6
2019/06/04,29992,Inbound,22314927582,1,12/20,03/20,0,120,166,76,6
2019/06/04,50643,Inbound,22315275892,1,05/25,05/26,1,6,10,9,6
2019/06/04,37228,Inbound,22315391143,1,02/27,02/27,0,448,97,97,6
2019/06/04,45963,Inbound,22315517495,1,04/26,04/26,0,73,39,39,6
2019/06/04,48190,Inbound,22315531697,1,05/10,05/12,0,22,25,23,6
2019/06/04,23202,Inbound,22315837264,1,11/11,02/26,0,74,205,98,6
2019/06/04,49038,Inbound,22316122595,1,05/15,05/15,0,8,20,20,6
2019/06/04,23324,Inbound,22316218338,1,11/12,11/17,4,129,204,199,6
2019/06/04,45963,Inbound,22316756714,1,04/26,04/26,0,73,39,39,6
2019/06/04,49038,Inbound,22316859274,1,05/15,05/15,0,8,20,20,6
2019/06/04,50643,Inbound,22317111677,1,05/25,05/26,1,6,10,9,6
2019/06/04,44861,Inbound,22317145095,1,04/18,04/21,8,90,47,44,6
2019/06/04,47355,Inbound,22317414945,1,05/05,05/05,0,23,30,30,6
2019/06/04,47033,Inbound,22317581891,1,05/02,05/03,0,125,33,32,6
2019/06/04,18976,Inbound,22317612924,1,09/28,02/14,30,93,249,110,6
2019/06/04,29992,Inbound,22317624293,1,12/20,03/20,0,120,166,76,6
2019/06/04,29992,Inbound,22317635004,1,12/20,03/20,0,120,166,76,6
2019/06/05,29992,Inbound,22318212970,1,12/20,03/20,0,120,167,77,6
2019/06/05,49830,Inbound,22318457508,1,05/19,05/19,0,44,17,17,6
2019/06/05,9258,Inbound,22318538663,1,01/15,01/16,18,520,506,505,6
2019/06/05,46761,Inbound,22318591416,1,04/30,04/30,0,79,36,36,6
2019/06/05,19224,Inbound,22319997238,1,10/02,10/02,3,166,246,246,6
2019/06/05,37228,Inbound,22320408133,1,02/27,02/27,0,448,98,98,6
2019/06/05,47033,Inbound,22320490687,1,05/02,05/03,0,125,34,33,6
2019/06/05,45963,Inbound,22320671401,1,04/26,04/26,0,73,40,40,6
2019/06/05,27488,Inbound,22320784861,1,12/09,12/11,2,497,178,176,6
2019/06/05,18586,Inbound,22321568122,1,09/22,09/22,15,905,256,256,6
2019/06/05,38266,Inbound,22323804170,1,03/05,03/05,0,5,92,92,6
2019/06/05,18976,Inbound,22324725342,1,09/28,02/14,30,93,250,111,6
2019/06/05,50880,Inbound,22325022567,1,05/27,05/27,0,54,9,9,6
2019/06/05,15236,Inbound,22325166576,1,07/22,12/20,0,1,318,167,6
2019/06/05,49186,Inbound,22325418232,1,05/16,05/16,0,218,20,20,6
2019/06/05,48021,Inbound,22326347301,1,05/08,05/08,0,2,28,28,6
2019/06/05,42305,Inbound,22326363346,1,03/31,03/31,0,71,66,66,6
2019/06/05,49186,Inbound,22326380434,1,05/16,05/16,0,218,20,20,6
2019/06/05,34936,Inbound,22326804084,1,02/10,02/10,0,4,115,115,6
2019/06/05,49186,Inbound,22327037516,1,05/16,05/16,0,218,20,20,6
2019/06/05,48774,Inbound,22327207813,1,05/13,05/14,0,41,23,22,6
2019/06/05,51533,Inbound,22327260419,1,06/01,06/01,0,0,4,4,6
2019/06/05,38230,Inbound,22327482927,1,03/05,03/05,0,194,92,92,6
2019/06/05,30920,Inbound,22328214082,1,12/23,06/02,0,6,164,3,6
2019/06/05,42305,Inbound,22328252620,1,03/31,03/31,0,71,66,66,6
2019/06/05,48774,Inbound,22328276800,1,05/13,05/14,0,41,23,22,6
2019/06/05,50086,Inbound,22328401070,1,05/21,05/22,0,114,15,14,6
2019/06/05,50799,Inbound,22328546428,1,05/26,05/26,0,27,10,10,6
2019/06/05,17934,Inbound,22329240718,1,09/14,09/15,0,1566,264,263,6
2019/06/05,10427,Inbound,22329467464,1,02/16,02/16,0,2,474,474,6
2019/06/05,50880,Inbound,22329512986,1,05/27,05/27,0,54,9,9,6
2019/06/05,44811,Inbound,22329593073,1,04/18,04/23,0,2,48,43,6
2019/06/05,15078,Inbound,22329674920,1,07/19,07/20,0,123,321,320,6
2019/06/05,45143,Inbound,22329982471,1,04/20,04/21,0,57,46,45,6
2019/06/05,44733,Inbound,22330184309,1,04/17,04/17,0,11,49,49,6
2019/06/05,18976,Inbound,22330206902,1,09/28,02/14,30,93,250,111,6
2019/06/05,14823,Inbound,22331225724,1,07/13,07/20,6,0,327,320,6
2019/06/05,7667,Inbound,22331372496,1,12/02,12/07,1,522,550,545,6
2019/06/05,18976,Inbound,22331639431,1,09/28,02/14,30,93,250,111,6
2019/06/05,48774,Inbound,22331658001,1,05/13,05/14,0,41,23,22,6
2019/06/05,47033,Inbound,22331769749,1,05/02,05/03,0,125,34,33,6
2019/06/06,25211,Inbound,22333207243,1,11/27,12/04,0,338,191,184,6
2019/06/06,21676,Inbound,22333657027,1,10/27,11/03,0,316,222,215,6
2019/06/06,47033,Inbound,22335887596,1,05/02,05/03,0,125,35,34,6
2019/06/06,50086,Inbound,22335962816,1,05/21,05/22,0,114,16,15,6
2019/06/06,50880,Inbound,22336288918,1,05/27,05/27,0,54,10,10,6
2019/06/06,18976,Inbound,22339034667,1,09/28,02/14,30,93,251,112,6
2019/06/06,50081,Inbound,22339121406,1,05/21,05/22,0,8,16,15,6
2019/06/06,50872,Inbound,22339671059,1,05/27,05/27,0,10,10,10,6
2019/06/06,51510,Inbound,22339717000,1,06/01,06/01,0,0,5,5,6
2019/06/06,50880,Inbound,22339840182,1,05/27,05/27,0,54,10,10,6
2019/06/06,50340,Inbound,22340354584,1,05/23,05/23,0,31,14,14,6
2019/06/06,51535,Inbound,22340635292,1,06/01,06/01,0,9,5,5,6
2019/06/06,33002,Inbound,22340980272,1,01/06,01/06,0,326,151,151,6
2019/06/06,46959,Inbound,22341154755,1,05/02,05/03,0,14,35,34,6
2019/06/06,46779,Inbound,22341235136,1,05/01,05/01,0,59,36,36,6
2019/06/06,48731,Inbound,22341308432,1,05/13,05/14,0,13,24,23,6
2019/06/06,47204,Inbound,22341354875,1,05/04,05/04,5,8,33,33,6
2019/06/06,36963,Inbound,22341573861,1,02/25,02/25,0,61,101,101,6
2019/06/06,47236,Inbound,22341656508,1,05/04,05/05,1,9,33,32,6
2019/06/06,47236,Inbound,22341774491,1,05/04,05/05,1,9,33,32,6
2019/06/06,50463,Inbound,22341810642,1,05/24,05/25,0,44,13,12,6
2019/06/06,51891,Inbound,22342189119,1,06/03,06/03,0,14,3,3,6
2019/06/06,45959,Inbound,22342419082,1,04/26,04/26,0,21,41,41,6
2019/06/06,48190,Inbound,22342625155,1,05/10,05/12,0,22,27,25,6
2019/06/06,45325,Inbound,22343503866,1,04/21,04/21,0,82,46,46,6
2019/06/06,38230,Inbound,22343954980,1,03/05,03/05,0,194,93,93,6
2019/06/06,21021,Inbound,22344188913,1,10/21,02/26,0,418,228,100,6
2019/06/06,39510,Inbound,22344591664,1,03/13,03/13,8,0,85,85,6
2019/06/06,37228,Inbound,22344788050,1,02/27,02/27,0,448,99,99,6
2019/06/06,51353,Inbound,22345024226,1,05/31,05/31,0,1,6,6,6
2019/06/06,46779,Inbound,22345560595,1,05/01,05/01,0,59,36,36,6
2019/06/06,49186,Inbound,22345849993,1,05/16,05/16,0,218,21,21,6
2019/06/06,9258,Inbound,22346167871,1,01/15,01/16,18,520,507,506,6
2019/06/06,48175,Inbound,22346615369,1,05/10,05/10,0,10,27,27,6
2019/06/06,3557,Inbound,22346639596,1,07/09,01/05,10,697,697,517,6
2019/06/06,48190,Inbound,22346885491,1,05/10,05/12,0,22,27,25,6
2019/06/06,3557,Inbound,22347137492,1,07/09,01/05,10,697,697,517,6
2019/06/06,49824,Inbound,22347359880,1,05/19,05/19,0,11,18,18,6
2019/06/07,49830,Inbound,22348407355,1,05/19,05/19,0,44,19,19,6
2019/06/07,37228,Inbound,22348844074,1,02/27,02/27,0,448,100,100,6
2019/06/07,9258,Inbound,22349184555,1,01/15,01/16,18,520,508,507,6
2019/06/07,50463,Inbound,22349292568,1,05/24,05/25,0,44,14,13,6
2019/06/07,49830,Inbound,22349972915,1,05/19,05/19,0,44,19,19,6
2019/06/07,36998,Inbound,22350151589,1,02/25,02/26,0,176,102,101,6
2019/06/07,9258,Inbound,22350155605,1,01/15,01/16,18,520,508,507,6
2019/06/07,13337,Inbound,22350228862,1,06/02,06/08,2,352,370,364,6
2019/06/07,37228,Inbound,22350615145,1,02/27,02/27,0,448,100,100,6
2019/06/07,51535,Inbound,22351324457,1,06/01,06/01,0,9,6,6,6
2019/06/07,45963,Inbound,22351431561,1,04/26,04/26,0,73,42,42,6
2019/06/07,50880,Inbound,22351517376,1,05/27,05/27,0,54,11,11,6
2019/06/07,27488,Inbound,22351611384,1,12/09,12/11,2,497,180,178,6
2019/06/07,49186,Inbound,22351846017,1,05/16,05/16,0,218,22,22,6
2019/06/07,32019,Inbound,22354458107,1,12/27,03/26,0,120,162,73,6
2019/06/07,42305,Inbound,22357179168,1,03/31,03/31,0,71,68,68,6
2019/06/07,50880,Inbound,22357354397,1,05/27,05/27,0,54,11,11,6
2019/06/07,42816,Inbound,22357402302,1,04/03,04/03,0,0,65,65,6
2019/06/07,18976,Inbound,22357441601,1,09/28,02/14,30,93,252,113,6
2019/06/07,18586,Inbound,22357826734,1,09/22,09/22,15,905,258,258,6
2019/06/07,51373,Inbound,22357976963,1,05/31,05/31,0,2,7,7,6
2019/06/07,46779,Inbound,22358028736,1,05/01,05/01,0,59,37,37,6
2019/06/07,7632,Inbound,22358155089,1,12/01,12/01,1,111,553,553,6
2019/06/07,20064,Inbound,22358458649,1,10/12,11/03,23,265,238,216,6
2019/06/07,45476,Inbound,22358476335,1,04/22,04/23,3,29,46,45,6
2019/06/07,51535,Inbound,22359002602,1,06/01,06/01,0,9,6,6,6
2019/06/07,19693,Inbound,22359196922,1,10/07,12/18,17,0,243,171,6
2019/06/07,18976,Inbound,22359366193,1,09/28,02/14,30,93,252,113,6
2019/06/07,16855,Inbound,22359719736,1,09/01,09/15,0,121,279,265,6
2019/06/07,50463,Inbound,22359948338,1,05/24,05/25,0,44,14,13,6
2019/06/07,28321,Inbound,22360609312,1,12/13,12/13,0,160,176,176,6
2019/06/07,51316,Inbound,22360824505,1,05/30,06/02,0,16,8,5,6
2019/06/07,47236,Inbound,22361029244,1,05/04,05/05,1,9,34,33,6
2019/06/07,44861,Inbound,22361188351,1,04/18,04/21,8,90,50,47,6
2019/06/07,42305,Inbound,22361203704,1,03/31,03/31,0,71,68,68,6
2019/06/07,44529,Inbound,22361542572,1,04/15,04/15,0,2,53,53,6
2019/06/07,1902,Inbound,22361795162,1,02/11,04/13,0,29,846,55,6
2019/06/07,37966,Inbound,22361878010,1,03/03,03/05,2,12,96,94,6
2019/06/07,23537,Inbound,22361970428,1,11/14,12/05,2,91,205,184,6
2019/06/07,18585,Inbound,22267318697,1,09/22,09/23,0,35,258,257,6
2019/06/07,48774,Inbound,22362463220,1,05/13,05/14,0,41,25,24,6
2019/06/07,49628,Inbound,22362646314,1,05/18,05/18,0,0,20,20,6
2019/06/07,50880,Inbound,22362694645,1,05/27,05/27,0,54,11,11,6
2019/06/07,47355,Inbound,22362857450,1,05/05,05/05,0,23,33,33,6
2019/06/07,51891,Inbound,22362975012,1,06/03,06/03,0,14,4,4,6
2019/06/07,7667,Inbound,22363018779,1,12/02,12/07,1,522,552,547,6
2019/06/07,45963,Inbound,22364034732,1,04/26,04/26,0,73,42,42,6
2019/06/07,44861,Inbound,22364272948,1,04/18,04/21,8,90,50,47,6
2019/06/07,50459,Inbound,22364368477,1,05/24,05/24,0,3,14,14,6
2019/06/07,23324,Inbound,22364555120,1,11/12,11/17,4,129,207,202,6
2019/06/07,18976,Inbound,22364598793,1,09/28,02/14,30,93,252,113,6
2019/06/07,49824,Inbound,22365233349,1,05/19,05/19,0,11,19,19,6
2019/06/07,48731,Inbound,22365713145,1,05/13,05/14,0,13,25,24,6
2019/06/07,51316,Inbound,22365792457,1,05/30,06/02,0,16,8,5,6
2019/06/07,48774,Inbound,22365909962,1,05/13,05/14,0,41,25,24,6
2019/06/07,17326,Inbound,22365954725,1,09/08,09/10,3,93,272,270,6
2019/06/08,51503,Inbound,22366182460,1,06/01,06/01,0,4,7,7,6
2019/06/08,18976,Inbound,22366266451,1,09/28,02/14,30,93,253,114,6
2019/06/08,38611,Inbound,22366351556,1,03/07,03/27,20,0,93,73,6
2019/06/08,50463,Inbound,22366521042,1,05/24,05/25,0,44,15,14,6
2019/06/08,18586,Inbound,22366570010,1,09/22,09/22,15,905,259,259,6
2019/06/08,21676,Inbound,22366824552,1,10/27,11/03,0,316,224,217,6
2019/06/08,35053,Inbound,22366841680,1,02/11,02/11,4,66,117,117,6
2019/06/08,45963,Inbound,22366937968,1,04/26,04/26,0,73,43,43,6
2019/06/08,27889,Inbound,22366962019,1,12/11,12/11,0,117,179,179,6
2019/06/08,51211,Inbound,22366965893,1,05/30,05/31,0,31,9,8,6
2019/06/08,18395,Inbound,22366968491,1,09/19,09/21,6,114,262,260,6
2019/06/08,7667,Inbound,22366988925,1,12/02,12/07,1,522,553,548,6
2019/06/08,49830,Inbound,22367015269,1,05/19,05/19,0,44,20,20,6
2019/06/08,50839,Inbound,22367023040,1,05/26,05/27,0,8,13,12,6
2019/06/08,9258,Inbound,22367303881,1,01/15,01/16,18,520,509,508,6
2019/06/08,25211,Inbound,22367441598,1,11/27,12/04,0,338,193,186,6
2019/06/08,3414,Inbound,22367522757,1,06/29,12/08,13,0,709,182,6
2019/06/08,45476,Inbound,22367897761,1,04/22,04/23,3,29,47,46,6
2019/06/08,23508,Inbound,22367903603,1,11/14,11/22,2,155,206,198,6
2019/06/08,49186,Inbound,22367928091,1,05/16,05/16,0,218,23,23,6
2019/06/08,28269,Inbound,22368009097,1,12/13,12/16,12,660,177,174,6
2019/06/08,18503,Inbound,22368167859,1,09/21,09/22,1,319,260,259,6
2019/06/08,7632,Inbound,22368249999,1,12/01,12/01,1,111,554,554,6
2019/06/08,14006,Inbound,22368286019,1,06/22,06/28,0,149,351,345,6
2019/06/08,38230,Inbound,22368317496,1,03/05,03/05,0,194,95,95,6
2019/06/08,45325,Inbound,22368385484,1,04/21,04/21,0,82,48,48,6
2019/06/08,8749,Inbound,22368397851,1,12/29,12/29,6,461,526,526,6
2019/06/08,35620,Inbound,22368415812,1,02/15,04/17,0,8,113,52,6
2019/06/08,7667,Inbound,22368535790,1,12/02,12/07,1,522,553,548,6
2019/06/08,28851,Inbound,22368825545,1,12/15,12/18,0,456,175,172,6
2019/06/08,46779,Inbound,22368857095,1,05/01,05/01,0,59,38,38,6
2019/06/08,27889,Inbound,22368872501,1,12/11,12/11,0,117,179,179,6
2019/06/08,16855,Inbound,22368921102,1,09/01,09/15,0,121,280,266,6
2019/06/08,37786,Inbound,22368964008,1,03/02,03/13,0,80,98,87,6
2019/06/08,45476,Inbound,22369039324,1,04/22,04/23,3,29,47,46,6
2019/06/08,50880,Inbound,22369042088,1,05/27,05/27,0,54,12,12,6
2019/06/08,18586,Inbound,22369070460,1,09/22,09/22,15,905,259,259,6
2019/06/08,48619,Inbound,22369107314,1,05/12,05/12,0,0,27,27,6
2019/06/08,32019,Inbound,22369204903,1,12/27,03/26,0,120,163,74,6
2019/06/08,42534,Inbound,22369402999,1,04/01,05/04,10,0,68,35,6
2019/06/08,50880,Inbound,22369667189,1,05/27,05/27,0,54,12,12,6
2019/06/08,47355,Inbound,22369770770,1,05/05,05/05,0,23,34,34,6
2019/06/08,3557,Inbound,22371763328,1,07/09,01/05,10,697,699,519,6
2019/06/08,48190,Inbound,22372113447,1,05/10,05/12,0,22,29,27,6
2019/06/08,51218,Inbound,22372197145,1,05/30,05/31,0,55,9,8,6
2019/06/08,51354,Inbound,22372608327,1,05/31,05/31,0,2,8,8,6
2019/06/08,52197,Inbound,22372686062,1,06/05,06/05,3,14,3,3,6
2019/06/08,45581,Inbound,22372711494,1,04/23,04/23,14,4,46,46,6
2019/06/08,12212,Inbound,22372761375,1,04/13,04/27,40,0,421,407,6
2019/06/08,9046,Inbound,22372920481,1,01/09,01/09,0,29,515,515,6
2019/06/08,18976,Inbound,22373239432,1,09/28,02/14,30,93,253,114,6
2019/06/08,39510,Inbound,22373279212,1,03/13,03/13,8,0,87,87,6
2019/06/08,50162,Inbound,22373279770,1,05/21,05/23,0,3,18,16,6
2019/06/08,50086,Inbound,22373680597,1,05/21,05/22,0,114,18,17,6
2019/06/08,47355,Inbound,22373712490,1,05/05,05/05,0,23,34,34,6
2019/06/08,20690,Inbound,22374119176,1,10/19,10/22,4,411,232,229,6
2019/06/08,45476,Inbound,22374167350,1,04/22,04/23,3,29,47,46,6
2019/06/08,49186,Inbound,22374189570,1,05/16,05/16,0,218,23,23,6
2019/06/08,48190,Inbound,22374299025,1,05/10,05/12,0,22,29,27,6
2019/06/08,50877,Inbound,22374391816,1,05/27,05/27,0,1,12,12,6
2019/06/08,1086,Inbound,22374483561,1,08/08,04/24,0,5,1034,45,6
2019/06/08,37228,Inbound,22374639540,1,02/27,02/27,0,448,101,101,6
2019/06/08,38379,Inbound,22374640133,1,03/06,03/09,0,38,94,91,6
2019/06/08,17366,Inbound,22374641375,1,09/08,09/26,2,34,273,255,6
2019/06/08,46924,Inbound,22374643632,1,05/02,05/02,0,1,37,37,6
2019/06/08,50086,Inbound,22374692363,1,05/21,05/22,0,114,18,17,6
2019/06/08,28851,Inbound,22374847851,1,12/15,12/18,0,456,175,172,6
2019/06/08,22000,Inbound,22374851793,1,10/30,05/08,9,0,221,31,6
2019/06/08,12859,Inbound,22374934473,1,05/12,05/12,33,0,392,392,6
2019/06/08,37391,Inbound,22374963008,1,02/28,02/28,0,49,100,100,6
2019/06/08,12529,Inbound,22375322990,1,04/28,12/13,31,185,406,177,6
2019/06/08,48774,Inbound,22375408438,1,05/13,05/14,0,41,26,25,6
2019/06/08,50463,Inbound,22375488123,1,05/24,05/25,0,44,15,14,6
2019/06/08,44741,Inbound,22375528101,1,04/17,04/18,0,55,52,51,6
2019/06/08,18807,Inbound,22375572756,1,09/26,09/28,8,91,255,253,6
2019/06/08,47544,Inbound,22375616595,1,05/06,05/06,0,6,33,33,6
2019/06/08,47544,Inbound,22375664159,1,05/06,05/06,0,6,33,33,6
2019/06/08,50799,Inbound,22375727156,1,05/26,05/26,0,27,13,13,6
2019/06/08,11941,Inbound,22375770445,1,04/02,04/02,0,225,432,432,6
2019/06/08,27488,Inbound,22375933350,1,12/09,12/11,2,497,181,179,6
2019/06/09,37391,Inbound,22376612185,1,02/28,02/28,0,49,101,101,6
2019/06/09,21676,Inbound,22376721488,1,10/27,11/03,0,316,225,218,6
2019/06/09,47033,Inbound,22377203972,1,05/02,05/03,0,125,38,37,6
2019/06/09,35620,Inbound,22377209033,1,02/15,04/17,0,8,114,53,6
2019/06/09,48774,Inbound,22377448078,1,05/13,05/14,0,41,27,26,6
2019/06/09,37228,Inbound,22377604074,1,02/27,02/27,0,448,102,102,6
2019/06/09,49186,Inbound,22377646680,1,05/16,05/16,0,218,24,24,6
2019/06/09,21676,Inbound,22377659461,1,10/27,11/03,0,316,225,218,6
2019/06/09,51535,Inbound,22377744181,1,06/01,06/01,0,9,8,8,6
2019/06/09,50086,Inbound,22377855481,1,05/21,05/22,0,114,19,18,6
2019/06/09,48190,Inbound,22377877165,1,05/10,05/12,0,22,30,28,6
2019/06/09,48190,Inbound,22377909509,1,05/10,05/12,0,22,30,28,6
2019/06/09,35620,Inbound,22377932257,1,02/15,04/17,0,8,114,53,6
2019/06/09,48190,Inbound,22377989091,1,05/10,05/12,0,22,30,28,6
2019/06/09,18586,Inbound,22377996540,1,09/22,09/22,15,905,260,260,6
2019/06/09,52208,Inbound,22378004746,1,06/05,06/06,0,104,4,3,6
2019/06/09,20064,Inbound,22378014791,1,10/12,11/03,23,265,240,218,6
2019/06/09,45141,Inbound,22378028518,1,04/20,04/21,0,71,50,49,6
2019/06/09,52208,Inbound,22378133745,1,06/05,06/06,0,104,4,3,6
2019/06/09,50799,Inbound,22378285148,1,05/26,05/26,0,27,14,14,6
2019/06/09,18339,Inbound,22379495351,1,09/18,09/19,16,452,264,263,6
2019/06/09,25211,Inbound,22379540584,1,11/27,12/04,0,338,194,187,6
2019/06/09,18586,Inbound,22379768450,1,09/22,09/22,15,905,260,260,6
2019/06/09,48193,Inbound,22379793179,1,05/10,05/13,0,0,30,27,6
2019/06/09,50981,Inbound,22379807746,1,05/28,05/28,0,37,12,12,6
2019/06/09,16631,Inbound,22380039733,1,08/27,08/27,0,0,286,286,6
2019/06/09,38933,Inbound,22380533409,1,03/09,03/09,0,34,92,92,6
2019/06/09,48072,Inbound,22380719768,1,05/09,05/10,0,61,31,30,6
2019/06/09,28269,Inbound,22380801320,1,12/13,12/16,12,660,178,175,6
2019/06/09,51507,Inbound,22380810324,1,06/01,06/01,0,2,8,8,6
2019/06/09,52208,Inbound,22380866548,1,06/05,06/06,0,104,4,3,6
2019/06/09,52208,Inbound,22380937915,1,06/05,06/06,0,104,4,3,6
2019/06/09,37976,Inbound,22381669003,1,03/03,03/03,0,29,98,98,6
2019/06/09,48774,Inbound,22381828891,1,05/13,05/14,0,41,27,26,6
2019/06/09,41373,Inbound,22381964018,1,03/25,03/25,0,3,76,76,6
2019/06/09,44741,Inbound,22382182881,1,04/17,04/18,0,55,53,52,6
2019/06/09,48072,Inbound,22382695059,1,05/09,05/10,0,61,31,30,6
2019/06/09,47355,Inbound,22382783747,1,05/05,05/05,0,23,35,35,6
2019/06/09,50613,Inbound,22382846625,1,05/25,05/25,4,12,15,15,6
2019/06/09,48774,Inbound,22382966612,1,05/13,05/14,0,41,27,26,6
2019/06/09,51354,Inbound,22383028095,1,05/31,05/31,0,2,9,9,6
2019/06/10,14006,Inbound,22383585232,1,06/22,06/28,0,149,353,347,6
2019/06/10,47033,Inbound,22383813753,1,05/02,05/03,0,125,39,38,6
2019/06/10,48072,Inbound,22383885220,1,05/09,05/10,0,61,32,31,6
2019/06/10,29992,Inbound,22384514125,1,12/20,03/20,0,120,172,82,6
2019/06/10,50340,Inbound,22384849783,1,05/23,05/23,0,31,18,18,6
2019/06/10,47572,Inbound,22384850887,1,05/06,05/07,0,25,35,34,6
2019/06/10,27889,Inbound,22385130780,1,12/11,12/11,0,117,181,181,6
2019/06/10,50872,Inbound,22387734150,1,05/27,05/27,0,10,14,14,6
2019/06/10,19470,Inbound,22387803514,1,10/05,10/11,0,5,248,242,6
2019/06/10,46959,Inbound,22388055566,1,05/02,05/03,0,14,39,38,6
2019/06/10,42305,Inbound,22389010962,1,03/31,03/31,0,71,71,71,6
2019/06/10,51103,Inbound,22389019965,1,05/29,05/29,0,30,12,12,6
2019/06/10,19693,Inbound,22389315488,1,10/07,12/18,17,0,246,174,6
2019/06/10,16855,Inbound,22389321095,1,09/01,09/15,0,121,282,268,6
2019/06/10,9258,Inbound,22390277640,1,01/15,01/16,18,520,511,510,6
2019/06/10,49186,Inbound,22390294852,1,05/16,05/16,0,218,25,25,6
2019/06/10,44004,Inbound,22390396534,1,04/12,04/12,0,7,59,59,6
2019/06/10,44734,Inbound,22391236497,1,04/17,04/17,0,31,54,54,6
2019/06/10,46779,Inbound,22391258096,1,05/01,05/01,0,59,40,40,6
2019/06/10,37228,Inbound,22391569737,1,02/27,02/27,0,448,103,103,6
2019/06/10,46959,Inbound,22391785294,1,05/02,05/03,0,14,39,38,6
2019/06/10,45476,Inbound,22391955391,1,04/22,04/23,3,29,49,48,6
2019/06/10,3557,Inbound,22392071962,1,07/09,01/05,10,697,701,521,6
2019/06/10,45143,Inbound,22392531254,1,04/20,04/21,0,57,51,50,6
2019/06/10,50799,Inbound,22392538275,1,05/26,05/26,0,27,15,15,6
2019/06/10,37228,Inbound,22392863418,1,02/27,02/27,0,448,103,103,6
2019/06/10,50458,Inbound,22393066690,1,05/24,05/24,0,47,17,17,6
2019/06/10,47236,Inbound,22393069777,1,05/04,05/05,1,9,37,36,6
2019/06/10,51986,Inbound,22393076335,1,06/04,06/04,0,13,6,6,6
2019/06/10,52367,Inbound,22393430505,1,06/07,06/07,0,7,3,3,6
2019/06/10,50086,Inbound,22393633897,1,05/21,05/22,0,114,20,19,6
2019/06/10,48072,Inbound,22394131955,1,05/09,05/10,0,61,32,31,6
2019/06/10,46959,Inbound,22394507819,1,05/02,05/03,0,14,39,38,6
2019/06/10,44861,Inbound,22395023616,1,04/18,04/21,8,90,53,50,6
2019/06/10,44004,Inbound,22395198215,1,04/12,04/12,0,7,59,59,6
2019/06/10,50086,Inbound,22395212710,1,05/21,05/22,0,114,20,19,6
2019/06/11,37228,Inbound,22396266001,1,02/27,02/27,0,448,104,104,6
2019/06/11,13337,Inbound,22396721039,1,06/02,06/08,2,352,374,368,6
2019/06/11,30920,Inbound,22396984968,1,12/23,06/02,0,6,170,9,6
2019/06/11,49830,Inbound,22397161330,1,05/19,05/19,0,44,23,23,6
2019/06/11,49186,Inbound,22398171364,1,05/16,05/16,0,218,26,26,6
2019/06/11,38379,Inbound,22398242370,1,03/06,03/09,0,38,97,94,6
2019/06/11,50880,Inbound,22398280115,1,05/27,05/27,0,54,15,15,6
2019/06/11,47033,Inbound,22399213886,1,05/02,05/03,0,125,40,39,6
2019/06/11,50463,Inbound,22402287833,1,05/24,05/25,0,44,18,17,6
2019/06/11,14681,Inbound,22402630375,1,07/10,07/10,2,73,336,336,6
2019/06/11,3557,Inbound,22403190696,1,07/09,01/05,10,697,702,522,6
2019/06/11,11414,Inbound,22404467156,1,03/18,03/18,9,299,450,450,6
2019/06/11,22386,Inbound,22404540403,1,11/03,11/03,0,0,220,220,6
2019/06/11,16855,Inbound,22405427835,1,09/01,09/15,0,121,283,269,6
2019/06/11,16855,Inbound,22405600822,1,09/01,09/15,0,121,283,269,6
2019/06/11,18711,Inbound,22407108805,1,09/24,10/24,7,652,260,230,6
2019/06/11,23537,Inbound,22407761734,1,11/14,12/05,2,91,209,188,6
2019/06/11,52367,Inbound,22407788831,1,06/07,06/07,0,7,4,4,6
2019/06/11,38543,Inbound,22407828924,1,03/07,03/07,0,28,96,96,6
2019/06/11,51384,Inbound,22407842769,1,05/31,06/01,0,37,11,10,6
2019/06/11,37228,Inbound,22408008037,1,02/27,02/27,0,448,104,104,6
2019/06/11,37966,Inbound,22408242398,1,03/03,03/05,2,12,100,98,6
2019/06/11,50880,Inbound,22408918717,1,05/27,05/27,0,54,15,15,6
2019/06/11,7667,Inbound,22408940122,1,12/02,12/07,1,522,556,551,6
2019/06/11,47071,Inbound,22409797523,1,05/03,05/09,0,0,39,33,6
2019/06/11,44861,Inbound,22409830502,1,04/18,04/21,8,90,54,51,6
2019/06/11,13337,Inbound,22409907288,1,06/02,06/08,2,352,374,368,6
2019/06/11,49830,Inbound,22410218143,1,05/19,05/19,0,44,23,23,6
2019/06/12,52756,Inbound,22411072071,1,06/09,06/09,0,21,3,3,6
2019/06/12,50081,Inbound,22411213698,1,05/21,05/22,0,8,22,21,6
2019/06/12,23518,Inbound,22411829084,1,11/14,02/19,36,0,210,113,6
2019/06/12,21366,Inbound,22411872321,1,10/25,11/26,2,461,230,198,6
2019/06/12,45141,Inbound,22411994383,1,04/20,04/21,0,71,53,52,6
2019/06/12,52013,Inbound,22412665602,1,06/04,06/04,1,3,8,8,6
2019/06/12,4448,Inbound,22412912779,1,09/01,11/27,30,0,649,562,6
2019/06/12,37228,Inbound,22413516355,1,02/27,02/27,0,448,105,105,6
2019/06/12,50880,Inbound,22413603379,1,05/27,05/27,0,54,16,16,6
2019/06/12,9258,Inbound,22413914708,1,01/15,01/16,18,520,513,512,6
2019/06/12,47033,Inbound,22413965265,1,05/02,05/03,0,125,41,40,6
2019/06/12,50458,Inbound,22414679977,1,05/24,05/24,0,47,19,19,6
2019/06/12,52756,Inbound,22417437579,1,06/09,06/09,0,21,3,3,6
2019/06/12,49617,Inbound,22417466265,1,05/18,05/18,0,24,25,25,6
2019/06/12,52756,Inbound,22417552082,1,06/09,06/09,0,21,3,3,6
2019/06/12,45476,Inbound,22418866351,1,04/22,04/23,3,29,51,50,6
2019/06/12,52131,Inbound,22418869250,1,06/05,06/08,0,3,7,4,6
2019/06/12,48219,Inbound,22419003386,1,05/10,05/10,0,1,33,33,6
2019/06/12,9258,Inbound,22419189218,1,01/15,01/16,18,520,513,512,6
2019/06/12,48117,Inbound,22419380102,1,05/09,05/12,0,12,34,31,6
2019/06/12,51786,Inbound,22419439073,1,06/03,06/03,0,22,9,9,6
2019/06/12,50880,Inbound,22419710743,1,05/27,05/27,0,54,16,16,6
2019/06/12,16747,Inbound,22419853724,1,08/30,08/30,0,786,286,286,6
2019/06/12,18339,Inbound,22419898887,1,09/18,09/19,16,452,267,266,6
2019/06/12,49662,Inbound,22419928707,1,05/18,05/18,0,8,25,25,6
2019/06/12,17779,Inbound,22420989067,1,09/13,09/13,10,539,272,272,6
2019/06/12,50086,Inbound,22421348260,1,05/21,05/22,0,114,22,21,6
2019/06/12,7324,Inbound,22421521790,1,11/23,11/23,1,1028,566,566,6
2019/06/12,38230,Inbound,22421870724,1,03/05,03/05,0,194,99,99,6
2019/06/12,50799,Inbound,22421967665,1,05/26,05/26,0,27,17,17,6
2019/06/12,10773,Inbound,22422258440,1,02/26,02/27,1,999,471,470,6
2019/06/12,46779,Inbound,22422307690,1,05/01,05/01,0,59,42,42,6
2019/06/12,37228,Inbound,22422645029,1,02/27,02/27,0,448,105,105,6
2019/06/12,28321,Inbound,22422982090,1,12/13,12/13,0,160,181,181,6
2019/06/12,9991,Inbound,22423100653,1,02/03,02/06,0,203,494,491,6
2019/06/12,39362,Inbound,22423133381,1,03/12,05/19,0,9,92,24,6
2019/06/12,50340,Inbound,22423697817,1,05/23,05/23,0,31,20,20,6
2019/06/12,51647,Inbound,22423875712,1,06/02,06/06,0,78,10,6,6
2019/06/12,32019,Inbound,22424023014,1,12/27,03/26,0,120,167,78,6
2019/06/12,51316,Inbound,22424537147,1,05/30,06/02,0,16,13,10,6
2019/06/12,23324,Inbound,22424575989,1,11/12,11/17,4,129,212,207,6
2019/06/12,50781,Inbound,22424909508,1,05/26,05/29,0,58,17,14,6
2019/06/12,50086,Inbound,22425215036,1,05/21,05/22,0,114,22,21,6
2019/06/12,45587,Inbound,22425253463,1,04/23,04/23,16,50,50,50,6
2019/06/12,49830,Inbound,22425327433,1,05/19,05/19,0,44,24,24,6
2019/06/12,21366,Inbound,22425339318,1,10/25,11/26,2,461,230,198,6
2019/06/12,49186,Inbound,22425354783,1,05/16,05/16,0,218,27,27,6
2019/06/12,51384,Inbound,22425523559,1,05/31,06/01,0,37,12,11,6
2019/06/12,44861,Inbound,22426225955,1,04/18,04/21,8,90,55,52,6
2019/06/12,18586,Inbound,22426257214,1,09/22,09/22,15,905,263,263,6
2019/06/12,27299,Inbound,22426524236,1,12/08,12/21,2,410,186,173,6
2019/06/12,25572,Inbound,22426551829,1,11/29,12/03,1,78,195,191,6
2019/06/12,49186,Inbound,22426773421,1,05/16,05/16,0,218,27,27,6
2019/06/13,45581,Inbound,22427340552,1,04/23,04/23,14,4,51,51,6
2019/06/13,25211,Inbound,22427710813,1,11/27,12/04,0,338,198,191,6
2019/06/13,50870,Inbound,22428964238,1,05/27,05/27,0,40,17,17,6
2019/06/13,9258,Inbound,22429144288,1,01/15,01/16,18,520,514,513,6
2019/06/13,37228,Inbound,22429400219,1,02/27,02/27,0,448,106,106,6
2019/06/13,32019,Inbound,22429895993,1,12/27,03/26,0,120,168,79,6
2019/06/13,46779,Inbound,22429927294,1,05/01,05/01,0,59,43,43,6
2019/06/13,50340,Inbound,22430413289,1,05/23,05/23,0,31,21,21,6
2019/06/13,13337,Inbound,22431089549,1,06/02,06/08,2,352,376,370,6
2019/06/13,45963,Inbound,22432672913,1,04/26,04/26,0,73,48,48,6
2019/06/13,52170,Inbound,22433715008,1,06/05,06/06,0,2,8,7,6
2019/06/13,1902,Inbound,22433914379,1,02/11,04/13,0,29,852,61,6
2019/06/13,50058,Inbound,22434740507,1,05/20,05/22,0,0,24,22,6
2019/06/13,50643,Inbound,22434918157,1,05/25,05/26,1,6,19,18,6
2019/06/13,47696,Inbound,22435318891,1,05/07,05/07,0,1,37,37,6
2019/06/13,16637,Inbound,22435427898,1,08/27,11/15,0,40,290,210,6
2019/06/13,49186,Inbound,22435649805,1,05/16,05/16,0,218,28,28,6
2019/06/13,50981,Inbound,22435674963,1,05/28,05/28,0,37,16,16,6
2019/06/13,28010,Inbound,22435767859,1,12/12,12/12,7,153,183,183,6
2019/06/13,16855,Inbound,22436369321,1,09/01,09/15,0,121,285,271,6
2019/06/13,52756,Inbound,22436759782,1,06/09,06/09,0,21,4,4,6
2019/06/13,11414,Inbound,22437597153,1,03/18,03/18,9,299,452,452,6
2019/06/13,42305,Inbound,22437694099,1,03/31,03/31,0,71,74,74,6
2019/06/13,20690,Inbound,22437714893,1,10/19,10/22,4,411,237,234,6
2019/06/13,3557,Inbound,22438011195,1,07/09,01/05,10,697,704,524,6
2019/06/13,21021,Inbound,22438522623,1,10/21,02/26,0,418,235,107,6
2019/06/13,7324,Inbound,22438626531,1,11/23,11/23,1,1028,567,567,6
2019/06/13,33639,Inbound,22439121352,1,01/29,02/06,0,29,135,127,6
2019/06/13,46959,Inbound,22439235771,1,05/02,05/03,0,14,42,41,6
2019/06/13,46779,Inbound,22439245147,1,05/01,05/01,0,59,43,43,6
2019/06/13,49370,Inbound,22439334942,1,05/17,05/18,1,25,27,26,6
2019/06/13,13338,Inbound,22439363393,1,06/02,07/14,2,18,376,334,6
2019/06/13,17716,Inbound,22439854639,1,09/13,09/13,0,1,273,273,6
2019/06/13,39361,Inbound,22439908540,1,03/12,03/12,1,40,93,93,6
2019/06/13,16855,Inbound,22439934590,1,09/01,09/15,0,121,285,271,6
2019/06/13,44411,Inbound,22439939891,1,04/14,04/14,0,51,60,60,6
2019/06/13,39290,Inbound,22440172473,1,03/11,03/20,8,0,94,85,6
2019/06/13,49186,Inbound,22440314444,1,05/16,05/16,0,218,28,28,6
2019/06/13,38543,Inbound,22440550860,1,03/07,03/07,0,28,98,98,6
2019/06/13,23537,Inbound,22440557097,1,11/14,12/05,2,91,211,190,6
2019/06/13,29992,Inbound,22440902675,1,12/20,03/20,0,120,175,85,6
2019/06/13,7667,Inbound,22440918548,1,12/02,12/07,1,522,558,553,6
2019/06/13,16637,Inbound,22443248788,1,08/27,11/15,0,40,290,210,6
2019/06/13,50654,Inbound,22443491169,1,05/25,05/28,0,17,19,16,6
2019/06/14,23537,Inbound,22443758604,1,11/14,12/05,2,91,212,191,6
2019/06/14,19224,Inbound,22445658878,1,10/02,10/02,3,166,255,255,6
2019/06/14,50086,Inbound,22446698243,1,05/21,05/22,0,114,24,23,6
2019/06/14,50880,Inbound,22446720802,1,05/27,05/27,0,54,18,18,6
2019/06/14,3557,Inbound,22446819811,1,07/09,01/05,10,697,705,525,6
2019/06/14,52019,Inbound,22446827266,1,06/04,06/05,0,23,10,9,6
2019/06/14,33639,Inbound,22447029987,1,01/29,02/06,0,29,136,128,6
2019/06/14,49830,Inbound,22447031121,1,05/19,05/19,0,44,26,26,6
2019/06/14,23537,Inbound,22447124914,1,11/14,12/05,2,91,212,191,6
2019/06/14,19224,Inbound,22447644427,1,10/02,10/02,3,166,255,255,6
2019/06/14,52373,Inbound,22449364602,1,06/07,06/10,0,1,7,4,6
2019/06/14,15595,Inbound,22449965751,1,07/31,08/03,3,0,318,315,6
2019/06/14,2514,Inbound,22451577723,1,04/17,04/17,5,145,788,788,6
2019/06/14,3406,Inbound,22452473949,1,06/28,06/28,0,0,716,716,6
2019/06/14,51218,Inbound,22452538087,1,05/30,05/31,0,55,15,14,6
2019/06/14,50880,Inbound,22452950610,1,05/27,05/27,0,54,18,18,6
2019/06/14,44415,Inbound,22453423654,1,04/14,04/14,0,5,61,61,6
2019/06/14,18711,Inbound,22454670977,1,09/24,10/24,7,652,263,233,6
2019/06/14,33639,Inbound,22454765114,1,01/29,02/06,0,29,136,128,6
2019/06/14,44411,Inbound,22454924292,1,04/14,04/14,0,51,61,61,6
2019/06/14,38089,Inbound,22454954341,1,03/04,03/04,0,290,102,102,6
2019/06/14,38230,Inbound,22455496610,1,03/05,03/05,0,194,101,101,6
2019/06/14,29366,Inbound,22456225814,1,12/17,12/26,2,39,179,170,6
2019/06/14,46761,Inbound,22456294015,1,04/30,04/30,0,79,45,45,6
2019/06/14,37228,Inbound,22456295773,1,02/27,02/27,0,448,107,107,6
2019/06/14,51986,Inbound,22456640348,1,06/04,06/04,0,13,10,10,6
2019/06/14,50086,Inbound,22456744994,1,05/21,05/22,0,114,24,23,6
2019/06/14,35019,Inbound,22456774137,1,02/10,02/24,0,0,124,110,6
2019/06/14,52208,Inbound,22456885808,1,06/05,06/06,0,104,9,8,6
2019/06/14,27507,Inbound,22456908134,1,12/09,12/14,1,215,187,182,6
2019/06/14,37966,Inbound,22457633648,1,03/03,03/05,2,12,103,101,6
2019/06/14,23324,Inbound,22457772640,1,11/12,11/17,4,129,214,209,6
2019/06/14,52143,Inbound,22457828435,1,06/05,06/05,0,8,9,9,6
2019/06/14,44861,Inbound,22458704780,1,04/18,04/21,8,90,57,54,6
2019/06/14,21676,Inbound,22459072302,1,10/27,11/03,0,316,230,223,6
2019/06/14,45476,Inbound,22459356467,1,04/22,04/23,3,29,53,52,6
2019/06/14,52786,Inbound,22459618919,1,06/09,06/10,0,3,5,4,6
2019/06/14,51352,Inbound,22459696918,1,05/31,05/31,0,10,14,14,6
2019/06/14,47573,Inbound,22459794408,1,05/06,05/07,0,141,39,38,6
2019/06/14,49617,Inbound,22459875684,1,05/18,05/18,0,24,27,27,6
2019/06/14,50463,Inbound,22459904661,1,05/24,05/25,0,44,21,20,6
2019/06/15,23508,Inbound,22460460766,1,11/14,11/22,2,155,213,205,6
2019/06/15,50086,Inbound,22460612684,1,05/21,05/22,0,114,25,24,6
2019/06/15,25211,Inbound,22460626807,1,11/27,12/04,0,338,200,193,6
2019/06/15,50083,Inbound,22460940925,1,05/21,05/22,0,6,25,24,6
2019/06/15,29366,Inbound,22461020904,1,12/17,12/26,2,39,180,171,6
2019/06/15,50083,Inbound,22461110925,1,05/21,05/22,0,6,25,24,6
2019/06/15,21897,Inbound,22461341516,1,10/29,10/29,6,436,229,229,6
2019/06/15,50083,Inbound,22461351145,1,05/21,05/22,0,6,25,24,6
2019/06/15,37228,Inbound,22461497993,1,02/27,02/27,0,448,108,108,6
2019/06/15,47033,Inbound,22461718080,1,05/02,05/03,0,125,44,43,6
2019/06/15,46431,Inbound,22461751862,1,04/29,04/29,3,221,47,47,6
2019/06/15,45143,Inbound,22461756106,1,04/20,04/21,0,57,56,55,6
2019/06/15,45476,Inbound,22462057464,1,04/22,04/23,3,29,54,53,6
2019/06/15,45963,Inbound,22462068426,1,04/26,04/26,0,73,50,50,6
2019/06/15,30926,Inbound,22462798473,1,12/23,02/02,0,197,174,133,6
2019/06/15,50458,Inbound,22462871491,1,05/24,05/24,0,47,22,22,6
2019/06/15,45963,Inbound,22462954231,1,04/26,04/26,0,73,50,50,6
2019/06/15,32019,Inbound,22463011663,1,12/27,03/26,0,120,170,81,6
2019/06/15,30926,Inbound,22463021789,1,12/23,02/02,0,197,174,133,6
2019/06/15,33002,Inbound,22463072704,1,01/06,01/06,0,326,160,160,6
2019/06/15,18586,Inbound,22463495255,1,09/22,09/22,15,905,266,266,6
2019/06/15,21676,Inbound,22463705951,1,10/27,11/03,0,316,231,224,6
2019/06/15,32441,Inbound,22463885493,1,12/29,12/29,0,7,168,168,6
2019/06/15,45476,Inbound,22464150366,1,04/22,04/23,3,29,54,53,6
2019/06/15,47236,Inbound,22466063011,1,05/04,05/05,1,9,42,41,6
2019/06/15,763,Inbound,22466063152,1,04/03,04/15,1,837,1168,1156,6
2019/06/15,1902,Inbound,22466347148,1,02/11,04/13,0,29,854,63,6
2019/06/15,52236,Inbound,22466682355,1,06/06,06/06,0,0,9,9,6
2019/06/15,20690,Inbound,22467250396,1,10/19,10/22,4,411,239,236,6
2019/06/15,50459,Inbound,22467374386,1,05/24,05/24,0,3,22,22,6
2019/06/15,50403,Inbound,22467660244,1,05/23,05/23,0,22,23,23,6
2019/06/15,28269,Inbound,22468482917,1,12/13,12/16,12,660,184,181,6
2019/06/15,28010,Inbound,22468648152,1,12/12,12/12,7,153,185,185,6
2019/06/15,31190,Inbound,22468916793,1,12/24,05/24,0,12,173,22,6
2019/06/15,47069,Inbound,22468924779,1,05/03,05/03,0,2,43,43,6
2019/06/15,48759,Inbound,22469017443,1,05/13,05/14,0,1,33,32,6
2019/06/15,47236,Inbound,22469227088,1,05/04,05/05,1,9,42,41,6
2019/06/15,29992,Inbound,22469234164,1,12/20,03/20,0,120,177,87,6
2019/06/15,52244,Inbound,22469286037,1,06/06,06/06,0,2,9,9,6
2019/06/15,52129,Inbound,22469328208,1,06/05,06/06,0,37,10,9,6
2019/06/15,47236,Inbound,22469346709,1,05/04,05/05,1,9,42,41,6
2019/06/15,37391,Inbound,22469398790,1,02/28,02/28,0,49,107,107,6
2019/06/15,713,Inbound,22469539250,1,03/23,03/23,2,377,1179,1179,6
2019/06/15,46779,Inbound,22470161237,1,05/01,05/01,0,59,45,45,6
2019/06/15,3557,Inbound,22470279941,1,07/09,01/05,10,697,706,526,6
2019/06/15,51889,Inbound,22470348885,1,06/03,06/03,0,9,12,12,6
2019/06/15,52110,Inbound,22470417821,1,06/05,06/05,0,10,10,10,6
2019/06/15,38230,Inbound,22470442741,1,03/05,03/05,0,194,102,102,6
2019/06/15,1086,Inbound,22470569791,1,08/08,04/24,0,5,1041,52,6
2019/06/15,47236,Inbound,22470650952,1,05/04,05/05,1,9,42,41,6
2019/06/15,29992,Inbound,22470718187,1,12/20,03/20,0,120,177,87,6
2019/06/15,27488,Inbound,22470734989,1,12/09,12/11,2,497,188,186,6
2019/06/15,23324,Inbound,22470900945,1,11/12,11/17,4,129,215,210,6
2019/06/15,26229,Inbound,22470984944,1,12/02,12/04,0,195,195,193,6
2019/06/15,45141,Inbound,22471105520,1,04/20,04/21,0,71,56,55,6
2019/06/16,33002,Inbound,22471431436,1,01/06,01/06,0,326,161,161,6
2019/06/16,29773,Inbound,22471470693,1,12/19,12/23,4,112,179,175,6
2019/06/16,21676,Inbound,22471655382,1,10/27,11/03,0,316,232,225,6
2019/06/16,51103,Inbound,22471770294,1,05/29,05/29,0,30,18,18,6
2019/06/16,51103,Inbound,22471779744,1,05/29,05/29,0,30,18,18,6
2019/06/16,37391,Inbound,22471847613,1,02/28,02/28,0,49,108,108,6
2019/06/16,46779,Inbound,22471922122,1,05/01,05/01,0,59,46,46,6
2019/06/16,37228,Inbound,22471976396,1,02/27,02/27,0,448,109,109,6
2019/06/16,50403,Inbound,22472042818,1,05/23,05/23,0,22,24,24,6
2019/06/16,18586,Inbound,22472296894,1,09/22,09/22,15,905,267,267,6
2019/06/16,53293,Inbound,22472452463,1,06/13,06/13,2,53,3,3,6
2019/06/16,19224,Inbound,22472478818,1,10/02,10/02,3,166,257,257,6
2019/06/16,50086,Inbound,22472565947,1,05/21,05/22,0,114,26,25,6
2019/06/16,38082,Inbound,22473920162,1,03/04,03/04,0,72,104,104,6
2019/06/16,39081,Inbound,22473935230,1,03/10,03/10,0,0,98,98,6
2019/06/16,53155,Inbound,22474231835,1,06/12,06/12,0,5,4,4,6
2019/06/16,50339,Inbound,22474260892,1,05/23,05/24,0,11,24,23,6
2019/06/16,19784,Inbound,22474480753,1,10/08,10/13,0,59,251,246,6
2019/06/16,52019,Inbound,22474644024,1,06/04,06/05,0,23,12,11,6
2019/06/16,28269,Inbound,22474748917,1,12/13,12/16,12,660,185,182,6
2019/06/16,52756,Inbound,22475369536,1,06/09,06/09,0,21,7,7,6
2019/06/16,18089,Inbound,22475398831,1,09/15,09/15,4,259,274,274,6
2019/06/16,18089,Inbound,22475401783,1,09/15,09/15,4,259,274,274,6
2019/06/16,7324,Inbound,22475467108,1,11/23,11/23,1,1028,570,570,6
2019/06/16,11011,Inbound,22475721386,1,03/05,03/06,17,131,468,467,6
2019/06/16,52756,Inbound,22476287495,1,06/09,06/09,0,21,7,7,6
2019/06/16,45325,Inbound,22476658547,1,04/21,04/21,0,82,56,56,6
2019/06/16,51891,Inbound,22476733389,1,06/03,06/03,0,14,13,13,6
2019/06/16,45963,Inbound,22476863204,1,04/26,04/26,0,73,51,51,6
2019/06/16,50340,Inbound,22476912270,1,05/23,05/23,0,31,24,24,6
2019/06/16,51986,Inbound,22477131024,1,06/04,06/04,0,13,12,12,6
2019/06/16,49614,Inbound,22477133281,1,05/18,05/18,1,22,29,29,6
2019/06/16,16262,Inbound,22477594061,1,08/18,08/20,8,13,302,300,6
2019/06/16,51103,Inbound,22478220729,1,05/29,05/29,0,30,18,18,6
2019/06/16,18586,Inbound,22479003339,1,09/22,09/22,15,905,267,267,6
2019/06/17,13257,Inbound,22479392697,1,05/29,05/30,40,66,384,383,6
2019/06/17,52197,Inbound,22479442282,1,06/05,06/05,3,14,12,12,6
2019/06/17,16623,Inbound,22479451084,1,08/26,08/26,11,0,295,295,6
2019/06/17,51887,Inbound,22479458470,1,06/03,06/03,4,0,14,14,6
2019/06/17,21676,Inbound,22479469661,1,10/27,11/03,0,316,233,226,6
2019/06/17,46597,Inbound,22479613369,1,04/30,04/30,0,2,48,48,6
2019/06/17,49186,Inbound,22479698201,1,05/16,05/16,0,218,32,32,6
2019/06/17,46959,Inbound,22479792510,1,05/02,05/03,0,14,46,45,6
2019/06/17,52110,Inbound,22479917237,1,06/05,06/05,0,10,12,12,6
2019/06/17,19224,Inbound,22480091639,1,10/02,10/02,3,166,258,258,6
2019/06/17,45325,Inbound,22480328060,1,04/21,04/21,0,82,57,57,6
2019/06/17,19264,Inbound,22484406880,1,10/02,10/02,0,1,258,258,6
2019/06/17,37228,Inbound,22484540817,1,02/27,02/27,0,448,110,110,6
2019/06/17,7713,Inbound,22484597446,1,12/02,12/02,0,0,562,562,6
2019/06/17,44861,Inbound,22485135136,1,04/18,04/21,8,90,60,57,6
2019/06/17,50086,Inbound,22485243803,1,05/21,05/22,0,114,27,26,6
2019/06/17,44962,Inbound,22485426559,1,04/19,04/21,0,0,59,57,6
2019/06/17,46906,Inbound,22485849067,1,05/01,05/01,0,45,47,47,6
2019/06/17,11414,Inbound,22486054391,1,03/18,03/18,9,299,456,456,6
2019/06/17,38379,Inbound,22486754857,1,03/06,03/09,0,38,103,100,6
2019/06/17,53144,Inbound,22486894150,1,06/12,06/12,0,6,5,5,6
2019/06/17,19693,Inbound,22487237133,1,10/07,12/18,17,0,253,181,6
2019/06/17,49370,Inbound,22487381434,1,05/17,05/18,1,25,31,30,6
2019/06/17,51103,Inbound,22487711791,1,05/29,05/29,0,30,19,19,6
2019/06/17,53293,Inbound,22488178594,1,06/13,06/13,2,53,4,4,6
2019/06/17,49617,Inbound,22488256057,1,05/18,05/18,0,24,30,30,6
2019/06/17,37361,Inbound,22488762318,1,02/28,02/28,0,49,109,109,6
2019/06/17,7667,Inbound,22488790316,1,12/02,12/07,1,522,562,557,6
2019/06/17,50629,Inbound,22488829405,1,05/25,05/25,0,2,23,23,6
2019/06/17,46761,Inbound,22488948700,1,04/30,04/30,0,79,48,48,6
2019/06/17,52197,Inbound,22488964180,1,06/05,06/05,3,14,12,12,6
2019/06/17,36998,Inbound,22489813352,1,02/25,02/26,0,176,112,111,6
2019/06/17,53021,Inbound,22490560096,1,06/11,06/12,0,35,6,5,6
2019/06/17,18586,Inbound,22490869372,1,09/22,09/22,15,905,268,268,6
2019/06/17,23052,Inbound,22491094703,1,11/09,11/12,22,0,220,217,6
2019/06/17,49370,Inbound,22491240466,1,05/17,05/18,1,25,31,30,6
2019/06/18,49186,Inbound,22491681821,1,05/16,05/16,0,218,33,33,6
2019/06/18,52129,Inbound,22491749431,1,06/05,06/06,0,37,13,12,6
2019/06/18,53144,Inbound,22492205597,1,06/12,06/12,0,6,6,6,6
2019/06/18,9258,Inbound,22492449035,1,01/15,01/16,18,520,519,518,6
2019/06/18,38723,Inbound,22492614424,1,03/08,03/09,0,14,102,101,6
2019/06/18,53144,Inbound,22492625831,1,06/12,06/12,0,6,6,6,6
2019/06/18,49186,Inbound,22493287422,1,05/16,05/16,0,218,33,33,6
2019/06/18,50458,Inbound,22493327325,1,05/24,05/24,0,47,25,25,6
2019/06/18,53268,Inbound,22493505875,1,06/13,06/14,0,10,5,4,6
2019/06/18,13337,Inbound,22493509289,1,06/02,06/08,2,352,381,375,6
2019/06/18,38379,Inbound,22494313006,1,03/06,03/09,0,38,104,101,6
2019/06/18,47697,Inbound,22494521611,1,05/07,05/07,0,42,42,42,6
2019/06/18,9258,Inbound,22494879043,1,01/15,01/16,18,520,519,518,6
2019/06/18,18586,Inbound,22495196988,1,09/22,09/22,15,905,269,269,6
2019/06/18,18586,Inbound,22495359542,1,09/22,09/22,15,905,269,269,6
2019/06/18,52373,Inbound,22496268267,1,06/07,06/10,0,1,11,8,6
2019/06/18,52373,Inbound,22496840209,1,06/07,06/10,0,1,11,8,6
2019/06/18,53144,Inbound,22498014755,1,06/12,06/12,0,6,6,6,6
2019/06/18,46906,Inbound,22498357476,1,05/01,05/01,0,45,48,48,6
2019/06/18,50458,Inbound,22499059909,1,05/24,05/24,0,47,25,25,6
2019/06/18,18586,Inbound,22499572641,1,09/22,09/22,15,905,269,269,6
2019/06/18,49819,Inbound,22499682141,1,05/19,05/19,0,0,30,30,6
2019/06/18,28010,Inbound,22499891553,1,12/12,12/12,7,153,188,188,6
2019/06/18,51103,Inbound,22502868183,1,05/29,05/29,0,30,20,20,6
2019/06/18,51647,Inbound,22502934222,1,06/02,06/06,0,78,16,12,6
2019/06/18,37228,Inbound,22503043765,1,02/27,02/27,0,448,111,111,6
2019/06/18,53268,Inbound,22503232171,1,06/13,06/14,0,10,5,4,6
2019/06/18,46761,Inbound,22503391986,1,04/30,04/30,0,79,49,49,6
2019/06/18,49614,Inbound,22503435691,1,05/18,05/18,1,22,31,31,6
2019/06/18,51375,Inbound,22503792307,1,05/31,06/01,0,7,18,17,6
2019/06/18,17759,Inbound,22503866585,1,09/13,09/16,5,27,278,275,6
2019/06/18,21531,Inbound,22504021191,1,10/26,10/29,9,383,235,232,6
2019/06/18,38230,Inbound,22504028462,1,03/05,03/05,0,194,105,105,6
2019/06/18,44411,Inbound,22504132942,1,04/14,04/14,0,51,65,65,6
2019/06/18,7667,Inbound,22504201176,1,12/02,12/07,1,522,563,558,6
2019/06/18,9766,Inbound,22504299147,1,01/27,01/29,21,174,507,505,6
2019/06/18,44741,Inbound,22504439953,1,04/17,04/18,0,55,62,61,6
2019/06/18,3557,Inbound,22504520283,1,07/09,01/05,10,697,709,529,6
2019/06/18,23068,Inbound,22504746334,1,11/10,11/25,25,0,220,205,6
2019/06/18,37966,Inbound,22505215799,1,03/03,03/05,2,12,107,105,6
2019/06/18,44861,Inbound,22505264792,1,04/18,04/21,8,90,61,58,6
2019/06/18,49186,Inbound,22505286418,1,05/16,05/16,0,218,33,33,6
2019/06/18,51375,Inbound,22505535762,1,05/31,06/01,0,7,18,17,6
2019/06/18,50981,Inbound,22506965087,1,05/28,05/28,0,37,21,21,6
2019/06/18,50981,Inbound,22507013346,1,05/28,05/28,0,37,21,21,6
2019/06/18,21959,Inbound,22507386759,1,10/30,11/01,20,5,231,229,6
2019/06/19,53268,Inbound,22508266006,1,06/13,06/14,0,10,6,5,6
2019/06/19,53021,Inbound,22508972874,1,06/11,06/12,0,35,8,7,6
2019/06/19,39576,Inbound,22509697217,1,03/13,03/13,0,31,98,98,6
2019/06/19,51535,Inbound,22509991389,1,06/01,06/01,0,9,18,18,6
2019/06/19,51647,Inbound,22510320413,1,06/02,06/06,0,78,17,13,6
2019/06/19,50086,Inbound,22510752514,1,05/21,05/22,0,114,29,28,6
2019/06/19,38230,Inbound,22513620657,1,03/05,03/05,0,194,106,106,6
2019/06/19,8699,Inbound,22515518156,1,12/28,12/28,0,3,538,538,6
2019/06/19,49934,Inbound,22515915182,1,05/20,05/21,0,18,30,29,6
2019/06/19,50629,Inbound,22516516252,1,05/25,05/25,0,2,25,25,6
2019/06/19,27275,Inbound,22516625273,1,12/08,02/01,3,0,193,138,6
2019/06/19,52433,Inbound,22516625752,1,06/07,06/09,0,6,12,10,6
2019/06/19,46761,Inbound,22516772240,1,04/30,04/30,0,79,50,50,6
2019/06/19,27275,Inbound,22516881790,1,12/08,02/01,3,0,193,138,6
2019/06/19,9506,Inbound,22517705655,1,01/21,01/21,0,1,514,514,6
2019/06/19,27275,Inbound,22518185211,1,12/08,02/01,3,0,193,138,6
2019/06/19,13965,Inbound,22518723011,1,06/21,06/21,28,3,363,363,6
2019/06/19,7324,Inbound,22518733046,1,11/23,11/23,1,1028,573,573,6
2019/06/19,37228,Inbound,22519122796,1,02/27,02/27,0,448,112,112,6
2019/06/19,52131,Inbound,22519432879,1,06/05,06/08,0,3,14,11,6
2019/06/19,46477,Inbound,22520179272,1,04/29,04/29,0,0,51,51,6
2019/06/19,45587,Inbound,22520343088,1,04/23,04/23,16,50,57,57,6
2019/06/19,51647,Inbound,22520396733,1,06/02,06/06,0,78,17,13,6
2019/06/19,47952,Inbound,22520443174,1,05/08,05/09,0,5,42,41,6
2019/06/19,43415,Inbound,22520451202,1,04/07,04/07,5,49,73,73,6
2019/06/19,37812,Inbound,22520927842,1,03/02,03/02,0,88,109,109,6
2019/06/19,28585,Inbound,22521037174,1,12/14,04/02,12,0,187,78,6
2019/06/19,26928,Inbound,22521131236,1,12/06,03/30,19,0,195,81,6
2019/06/19,28010,Inbound,22521665806,1,12/12,12/12,7,153,189,189,6
2019/06/19,51238,Inbound,22521853060,1,05/30,05/30,0,6,20,20,6
2019/06/19,53624,Inbound,22521857164,1,06/15,06/16,0,6,4,3,6
2019/06/19,7667,Inbound,22522125121,1,12/02,12/07,1,522,564,559,6
2019/06/19,25211,Inbound,22522144422,1,11/27,12/04,0,338,204,197,6
2019/06/19,53746,Inbound,22522301076,1,06/15,06/16,0,7,4,3,6
2019/06/19,50086,Inbound,22522452153,1,05/21,05/22,0,114,29,28,6
2019/06/19,21366,Inbound,22523135251,1,10/25,11/26,2,461,237,205,6
2019/06/19,53021,Inbound,22523138081,1,06/11,06/12,0,35,8,7,6
2019/06/19,48866,Inbound,22523185786,1,05/14,05/14,0,19,36,36,6
2019/06/19,50870,Inbound,22523425445,1,05/27,05/27,0,40,23,23,6
2019/06/19,47033,Inbound,22523809285,1,05/02,05/03,0,125,48,47,6
2019/06/19,21366,Inbound,22523968155,1,10/25,11/26,2,461,237,205,6
2019/06/19,21021,Inbound,22524130471,1,10/21,02/26,0,418,241,113,6
2019/06/19,48072,Inbound,22524543236,1,05/09,05/10,0,61,41,40,6
2019/06/19,50340,Inbound,22524675423,1,05/23,05/23,0,31,27,27,6
2019/06/20,45476,Inbound,22524951801,1,04/22,04/23,3,29,59,58,6
2019/06/20,47678,Inbound,22524981236,1,05/07,05/07,0,1,44,44,6
2019/06/20,53746,Inbound,22524985018,1,06/15,06/16,0,7,5,4,6
2019/06/20,25211,Inbound,22524986136,1,11/27,12/04,0,338,205,198,6
2019/06/20,39576,Inbound,22525256556,1,03/13,03/13,0,31,99,99,6
2019/06/20,28269,Inbound,22526085225,1,12/13,12/16,12,660,189,186,6
2019/06/20,50086,Inbound,22526166928,1,05/21,05/22,0,114,30,29,6
2019/06/20,47033,Inbound,22526253584,1,05/02,05/03,0,125,49,48,6
2019/06/20,50086,Inbound,22526278884,1,05/21,05/22,0,114,30,29,6
2019/06/20,50799,Inbound,22526301915,1,05/26,05/26,0,27,25,25,6
2019/06/20,18570,Inbound,22526315777,1,09/21,09/23,0,163,272,270,6
2019/06/20,53293,Inbound,22526422397,1,06/13,06/13,2,53,7,7,6
2019/06/20,7667,Inbound,22526460547,1,12/02,12/07,1,522,565,560,6
2019/06/20,50799,Inbound,22526503232,1,05/26,05/26,0,27,25,25,6
2019/06/20,50799,Inbound,22526508334,1,05/26,05/26,0,27,25,25,6
2019/06/20,50799,Inbound,22526513073,1,05/26,05/26,0,27,25,25,6
2019/06/20,50607,Inbound,22526522548,1,05/25,05/25,1,89,26,26,6
2019/06/20,50086,Inbound,22526524173,1,05/21,05/22,0,114,30,29,6
2019/06/20,52197,Inbound,22526548570,1,06/05,06/05,3,14,15,15,6
2019/06/20,49186,Inbound,22526575413,1,05/16,05/16,0,218,35,35,6
2019/06/20,49830,Inbound,22526593638,1,05/19,05/19,0,44,32,32,6
2019/06/20,19224,Inbound,22526681311,1,10/02,10/02,3,166,261,261,6
2019/06/20,8749,Inbound,22526712093,1,12/29,12/29,6,461,538,538,6
2019/06/20,37228,Inbound,22527043340,1,02/27,02/27,0,448,113,113,6
2019/06/20,19224,Inbound,22528481895,1,10/02,10/02,3,166,261,261,6
2019/06/20,18586,Inbound,22528544412,1,09/22,09/22,15,905,271,271,6
2019/06/20,50086,Inbound,22528646447,1,05/21,05/22,0,114,30,29,6
2019/06/20,18586,Inbound,22528690382,1,09/22,09/22,15,905,271,271,6
2019/06/20,50799,Inbound,22528847674,1,05/26,05/26,0,27,25,25,6
2019/06/20,52373,Inbound,22529626378,1,06/07,06/10,0,1,13,10,6
2019/06/20,52129,Inbound,22530075564,1,06/05,06/06,0,37,15,14,6
2019/06/20,51122,Inbound,22531499181,1,05/29,05/29,0,13,22,22,6
2019/06/20,23052,Inbound,22532027338,1,11/09,11/12,22,0,223,220,6
2019/06/20,20391,Inbound,22532034463,1,10/15,12/22,39,0,248,180,6
2019/06/20,11414,Inbound,22532146256,1,03/18,03/18,9,299,459,459,6
2019/06/20,39362,Inbound,22532617173,1,03/12,05/19,0,9,100,32,6
2019/06/20,37812,Inbound,22532977605,1,03/02,03/02,0,88,110,110,6
2019/06/20,45581,Inbound,22533028138,1,04/23,04/23,14,4,58,58,6
2019/06/20,17779,Inbound,22533245505,1,09/13,09/13,10,539,280,280,6
2019/06/20,16637,Inbound,22533256315,1,08/27,11/15,0,40,297,217,6
2019/06/20,45476,Inbound,22534293434,1,04/22,04/23,3,29,59,58,6
2019/06/20,20391,Inbound,22535544748,1,10/15,12/22,39,0,248,180,6
2019/06/20,46779,Inbound,22535697186,1,05/01,05/01,0,59,50,50,6
2019/06/20,49934,Inbound,22536520503,1,05/20,05/21,0,18,31,30,6
2019/06/20,37228,Inbound,22536766634,1,02/27,02/27,0,448,113,113,6
2019/06/20,21959,Inbound,22536777645,1,10/30,11/01,20,5,233,231,6
2019/06/20,53021,Inbound,22536942445,1,06/11,06/12,0,35,9,8,6
2019/06/20,45825,Inbound,22536983706,1,04/25,04/25,0,11,56,56,6
2019/06/20,47204,Inbound,22537049864,1,05/04,05/04,5,8,47,47,6
2019/06/20,38089,Inbound,22537331492,1,03/04,03/04,0,290,108,108,6
2019/06/20,50799,Inbound,22537489171,1,05/26,05/26,0,27,25,25,6
2019/06/20,50799,Inbound,22537496143,1,05/26,05/26,0,27,25,25,6
2019/06/20,22000,Inbound,22537497180,1,10/30,05/08,9,0,233,43,6
2019/06/20,7667,Inbound,22537507010,1,12/02,12/07,1,522,565,560,6
2019/06/20,47033,Inbound,22537692183,1,05/02,05/03,0,125,49,48,6
2019/06/20,14006,Inbound,22537755480,1,06/22,06/28,0,149,363,357,6
2019/06/20,52197,Inbound,22537795269,1,06/05,06/05,3,14,15,15,6
2019/06/20,44411,Inbound,22537810568,1,04/14,04/14,0,51,67,67,6
2019/06/20,44861,Inbound,22538502876,1,04/18,04/21,8,90,63,60,6
2019/06/20,53746,Inbound,22538826472,1,06/15,06/16,0,7,5,4,6
2019/06/20,29718,Inbound,22539268521,1,12/18,01/31,0,9,184,140,6
2019/06/20,49934,Inbound,22539502099,1,05/20,05/21,0,18,31,30,6
2019/06/20,44715,Inbound,22539549846,1,04/17,04/17,0,75,64,64,6
2019/06/21,50340,Inbound,22540197078,1,05/23,05/23,0,31,29,29,6
2019/06/21,46779,Inbound,22540282246,1,05/01,05/01,0,59,51,51,6
2019/06/21,37228,Inbound,22541830113,1,02/27,02/27,0,448,114,114,6
2019/06/21,53021,Inbound,22541860503,1,06/11,06/12,0,35,10,9,6
2019/06/21,9258,Inbound,22541902078,1,01/15,01/16,18,520,522,521,6
2019/06/21,47033,Inbound,22542683074,1,05/02,05/03,0,125,50,49,6
2019/06/21,50086,Inbound,22542802842,1,05/21,05/22,0,114,31,30,6
2019/06/21,3557,Inbound,22542884495,1,07/09,01/05,10,697,712,532,6
2019/06/21,53608,Inbound,22542934674,1,06/15,06/15,0,11,6,6,6
2019/06/21,13337,Inbound,22542937959,1,06/02,06/08,2,352,384,378,6
2019/06/21,53806,Inbound,22547349647,1,06/16,06/16,0,4,5,5,6
2019/06/21,53021,Inbound,22548387849,1,06/11,06/12,0,35,10,9,6
2019/06/21,22889,Inbound,22548806185,1,11/08,06/15,9,1,225,6,6
2019/06/21,52755,Inbound,22549130298,1,06/09,06/09,0,1,12,12,6
2019/06/21,49934,Inbound,22549221072,1,05/20,05/21,0,18,32,31,6
2019/06/21,54182,Inbound,22549689166,1,06/18,06/18,0,7,3,3,6
2019/06/21,27515,Inbound,22550114396,1,12/09,12/16,0,3,194,187,6
2019/06/21,52756,Inbound,22550835938,1,06/09,06/09,0,21,12,12,6
2019/06/21,38089,Inbound,22550951593,1,03/04,03/04,0,290,109,109,6
2019/06/21,19693,Inbound,22551121172,1,10/07,12/18,17,0,257,185,6
2019/06/21,52869,Inbound,22551553801,1,06/10,06/10,0,10,11,11,6
2019/06/21,20398,Inbound,22551836798,1,10/15,10/16,5,70,249,248,6
2019/06/21,20398,Inbound,22552075858,1,10/15,10/16,5,70,249,248,6
2019/06/21,22474,Inbound,22552100416,1,11/04,11/04,0,14,229,229,6
2019/06/21,44411,Inbound,22552238553,1,04/14,04/14,0,51,68,68,6
2019/06/21,22701,Inbound,22552241637,1,11/06,11/07,9,254,227,226,6
2019/06/21,42305,Inbound,22552278637,1,03/31,03/31,0,71,82,82,6
2019/06/21,38230,Inbound,22552340769,1,03/05,03/05,0,194,108,108,6
2019/06/21,31804,Inbound,22552390977,1,12/27,02/17,0,92,176,124,6
2019/06/21,52756,Inbound,22552491656,1,06/09,06/09,0,21,12,12,6
2019/06/21,52129,Inbound,22552687357,1,06/05,06/06,0,37,16,15,6
2019/06/21,17779,Inbound,22552704108,1,09/13,09/13,10,539,281,281,6
2019/06/21,22474,Inbound,22553304919,1,11/04,11/04,0,14,229,229,6
2019/06/21,46761,Inbound,22553333886,1,04/30,04/30,0,79,52,52,6
2019/06/21,52197,Inbound,22553398823,1,06/05,06/05,3,14,16,16,6
2019/06/21,44411,Inbound,22553543770,1,04/14,04/14,0,51,68,68,6
2019/06/21,53419,Inbound,22553975729,1,06/14,06/14,0,2,7,7,6
2019/06/21,54039,Inbound,22554035761,1,06/18,06/18,0,2,3,3,6
2019/06/21,39362,Inbound,22554065927,1,03/12,05/19,0,9,101,33,6
2019/06/21,45143,Inbound,22554276004,1,04/20,04/21,0,57,62,61,6
2019/06/21,52869,Inbound,22555369030,1,06/10,06/10,0,10,11,11,6
2019/06/21,18585,Inbound,22555432917,1,09/22,09/23,0,35,272,271,6
2019/06/21,52110,Inbound,22555482697,1,06/05,06/05,0,10,16,16,6
2019/06/22,50340,Inbound,22555925655,1,05/23,05/23,0,31,30,30,6
2019/06/22,25211,Inbound,22556044686,1,11/27,12/04,0,338,207,200,6
2019/06/22,27515,Inbound,22556480968,1,12/09,12/16,0,3,195,188,6
2019/06/22,38543,Inbound,22556561853,1,03/07,03/07,0,28,107,107,6
2019/06/22,32019,Inbound,22556672100,1,12/27,03/26,0,120,177,88,6
2019/06/22,42305,Inbound,22556821448,1,03/31,03/31,0,71,83,83,6
2019/06/22,9258,Inbound,22556851532,1,01/15,01/16,18,520,523,522,6
2019/06/22,53265,Inbound,22557149507,1,06/13,06/13,0,3,9,9,6
2019/06/22,49934,Inbound,22557438419,1,05/20,05/21,0,18,33,32,6
2019/06/22,37786,Inbound,22557480215,1,03/02,03/13,0,80,112,101,6
2019/06/22,42305,Inbound,22557569064,1,03/31,03/31,0,71,83,83,6
2019/06/22,21897,Inbound,22557601288,1,10/29,10/29,6,436,236,236,6
2019/06/22,50458,Inbound,22557646021,1,05/24,05/24,0,47,29,29,6
2019/06/22,27515,Inbound,22557803857,1,12/09,12/16,0,3,195,188,6
2019/06/22,50086,Inbound,22557950927,1,05/21,05/22,0,114,32,31,6
2019/06/22,53293,Inbound,22558470762,1,06/13,06/13,2,53,9,9,6
2019/06/22,49186,Inbound,22558509443,1,05/16,05/16,0,218,37,37,6
2019/06/22,3557,Inbound,22558531786,1,07/09,01/05,10,697,713,533,6
2019/06/22,21897,Inbound,22559108554,1,10/29,10/29,6,436,236,236,6
2019/06/22,41059,Inbound,22560828437,1,03/23,03/24,0,2,91,90,6
2019/06/22,52836,Inbound,22561707202,1,06/09,06/13,1,20,13,9,6
2019/06/22,21721,Inbound,22561827303,1,10/27,10/27,0,0,238,238,6
2019/06/22,42990,Inbound,22561963652,1,04/05,04/05,0,285,78,78,6
2019/06/22,12529,Inbound,22562082525,1,04/28,12/13,31,185,420,191,6
2019/06/22,53456,Inbound,22562143156,1,06/14,06/16,7,0,8,6,6
2019/06/22,53144,Inbound,22563200138,1,06/12,06/12,0,6,10,10,6
2019/06/22,46779,Inbound,22563335663,1,05/01,05/01,0,59,52,52,6
2019/06/22,28820,Inbound,22563733909,1,12/15,12/15,0,69,189,189,6
2019/06/22,41605,Inbound,22563886667,1,03/27,03/27,0,2,87,87,6
2019/06/22,52391,Inbound,22563986354,1,06/07,06/07,0,5,15,15,6
2019/06/22,10773,Inbound,22564054094,1,02/26,02/27,1,999,481,480,6
2019/06/22,42305,Inbound,22564098632,1,03/31,03/31,0,71,83,83,6
2019/06/22,38230,Inbound,22564107779,1,03/05,03/05,0,194,109,109,6
2019/06/22,31804,Inbound,22564138562,1,12/27,02/17,0,92,177,125,6
2019/06/22,38089,Inbound,22564852953,1,03/04,03/04,0,290,110,110,6
2019/06/22,53608,Inbound,22565177782,1,06/15,06/15,0,11,7,7,6
2019/06/22,7667,Inbound,22565193389,1,12/02,12/07,1,522,567,562,6
2019/06/22,53980,Inbound,22565383577,1,06/17,06/17,0,5,5,5,6
2019/06/22,46646,Inbound,22565418368,1,04/30,05/01,1,7,53,52,6
2019/06/22,52110,Inbound,22565523919,1,06/05,06/05,0,10,17,17,6
2019/06/22,42305,Inbound,22565809419,1,03/31,03/31,0,71,83,83,6
2019/06/22,46461,Inbound,22565853720,1,04/29,04/30,0,18,54,53,6
2019/06/22,49186,Inbound,22565888477,1,05/16,05/16,0,218,37,37,6
2019/06/23,23537,Inbound,22565993720,1,11/14,12/05,2,91,221,200,6
2019/06/23,38543,Inbound,22566012149,1,03/07,03/07,0,28,108,108,6
2019/06/23,46324,Inbound,22566068143,1,04/28,04/28,0,2,56,56,6
2019/06/23,47033,Inbound,22566233050,1,05/02,05/03,0,125,52,51,6
2019/06/23,46761,Inbound,22566391424,1,04/30,04/30,0,79,54,54,6
2019/06/23,7324,Inbound,22566409871,1,11/23,11/23,1,1028,577,577,6
2019/06/23,49934,Inbound,22566434146,1,05/20,05/21,0,18,34,33,6
2019/06/23,38089,Inbound,22566491991,1,03/04,03/04,0,290,111,111,6
2019/06/23,48072,Inbound,22566524695,1,05/09,05/10,0,61,45,44,6
2019/06/23,46646,Inbound,22566874454,1,04/30,05/01,1,7,54,53,6
2019/06/23,53608,Inbound,22566982931,1,06/15,06/15,0,11,8,8,6
2019/06/23,50799,Inbound,22567023988,1,05/26,05/26,0,27,28,28,6
2019/06/23,51103,Inbound,22567213485,1,05/29,05/29,0,30,25,25,6
2019/06/23,51786,Inbound,22567313645,1,06/03,06/03,0,22,20,20,6
2019/06/23,45141,Inbound,22567853380,1,04/20,04/21,0,71,64,63,6
2019/06/23,38089,Inbound,22567915666,1,03/04,03/04,0,290,111,111,6
2019/06/23,54069,Inbound,22568770589,1,06/18,06/18,0,0,5,5,6
2019/06/23,22238,Inbound,22569734015,1,11/02,11/02,0,71,233,233,6
2019/06/23,51895,Inbound,22570236856,1,06/03,06/03,0,11,20,20,6
2019/06/23,53591,Inbound,22571022953,1,06/15,06/15,0,1,8,8,6
2019/06/23,53591,Inbound,22571038948,1,06/15,06/15,0,1,8,8,6
2019/06/23,38230,Inbound,22571115877,1,03/05,03/05,0,194,110,110,6
2019/06/23,51895,Inbound,22571133957,1,06/03,06/03,0,11,20,20,6
2019/06/23,38089,Inbound,22571167491,1,03/04,03/04,0,290,111,111,6
2019/06/23,43415,Inbound,22571281330,1,04/07,04/07,5,49,77,77,6
2019/06/23,7819,Inbound,22571288240,1,12/06,12/06,0,352,564,564,6
2019/06/23,46761,Inbound,22571300554,1,04/30,04/30,0,79,54,54,6
2019/06/23,50332,Inbound,22571461687,1,05/23,05/23,0,0,31,31,6
2019/06/23,50340,Inbound,22571540841,1,05/23,05/23,0,31,31,31,6
2019/06/23,46779,Inbound,22571557702,1,05/01,05/01,0,59,53,53,6
2019/06/23,51895,Inbound,22571991101,1,06/03,06/03,0,11,20,20,6
2019/06/23,22474,Inbound,22572081338,1,11/04,11/04,0,14,231,231,6
2019/06/23,44733,Inbound,22572129177,1,04/17,04/17,0,11,67,67,6
2019/06/23,52197,Inbound,22572145471,1,06/05,06/05,3,14,18,18,6
2019/06/23,3557,Inbound,22572151134,1,07/09,01/05,10,697,714,534,6
2019/06/23,29992,Inbound,22572313723,1,12/20,03/20,0,120,185,95,6
2019/06/23,50799,Inbound,22572375488,1,05/26,05/26,0,27,28,28,6
2019/06/23,50870,Inbound,22572433446,1,05/27,05/27,0,40,27,27,6
2019/06/23,47033,Inbound,22572489774,1,05/02,05/03,0,125,52,51,6
2019/06/23,44733,Inbound,22572522366,1,04/17,04/17,0,11,67,67,6
2019/06/23,44411,Inbound,22572599056,1,04/14,04/14,0,51,70,70,6
2019/06/23,50799,Inbound,22573055347,1,05/26,05/26,0,27,28,28,6
2019/06/23,39576,Inbound,22573107152,1,03/13,03/13,0,31,102,102,6
2019/06/23,50174,Inbound,22573129852,1,05/21,05/22,0,2,33,32,6
2019/06/23,46761,Inbound,22573236812,1,04/30,04/30,0,79,54,54,6
2019/06/23,23693,Inbound,22573271016,1,11/15,11/15,0,0,220,220,6
2019/06/24,29992,Inbound,22573480160,1,12/20,03/20,0,120,186,96,6
2019/06/24,48072,Inbound,22573483810,1,05/09,05/10,0,61,46,45,6
2019/06/24,52197,Inbound,22573523575,1,06/05,06/05,3,14,19,19,6
2019/06/24,50799,Inbound,22573576067,1,05/26,05/26,0,27,29,29,6
2019/06/24,50340,Inbound,22573687803,1,05/23,05/23,0,31,32,32,6
2019/06/24,48117,Inbound,22573712020,1,05/09,05/12,0,12,46,43,6
2019/06/24,46761,Inbound,22573846632,1,04/30,04/30,0,79,55,55,6
2019/06/24,51903,Inbound,22573985348,1,06/03,06/03,0,15,21,21,6
2019/06/24,47033,Inbound,22574443392,1,05/02,05/03,0,125,53,52,6
2019/06/24,38089,Inbound,22574508547,1,03/04,03/04,0,290,112,112,6
2019/06/24,29992,Inbound,22574854708,1,12/20,03/20,0,120,186,96,6
2019/06/24,18586,Inbound,22574866130,1,09/22,09/22,15,905,275,275,6
2019/06/24,49186,Inbound,22574937561,1,05/16,05/16,0,218,39,39,6
2019/06/24,52373,Inbound,22575413694,1,06/07,06/10,0,1,17,14,6
2019/06/24,50174,Inbound,22575631686,1,05/21,05/22,0,2,34,33,6
2019/06/24,51986,Inbound,22577106176,1,06/04,06/04,0,13,20,20,6
2019/06/24,53806,Inbound,22577523128,1,06/16,06/16,0,4,8,8,6
2019/06/24,20398,Inbound,22577714670,1,10/15,10/16,5,70,252,251,6
2019/06/24,4648,Inbound,22577991766,1,09/11,09/11,0,0,651,651,6
2019/06/24,50887,Inbound,22578274424,1,05/27,06/09,0,0,28,15,6
2019/06/24,36998,Inbound,22578360733,1,02/25,02/26,0,176,119,118,6
2019/06/24,49617,Inbound,22579189296,1,05/18,05/18,0,24,37,37,6
2019/06/24,11414,Inbound,22579275508,1,03/18,03/18,9,299,463,463,6
2019/06/24,51103,Inbound,22579774427,1,05/29,05/29,0,30,26,26,6
2019/06/24,52897,Inbound,22580880445,1,06/10,06/10,0,7,14,14,6
2019/06/24,37228,Inbound,22581109598,1,02/27,02/27,0,448,117,117,6
2019/06/24,23324,Inbound,22581350244,1,11/12,11/17,4,129,224,219,6
2019/06/24,50799,Inbound,22581540242,1,05/26,05/26,0,27,29,29,6
2019/06/24,45143,Inbound,22581559284,1,04/20,04/21,0,57,65,64,6
2019/06/24,53903,Inbound,22582041551,1,06/17,06/19,0,2,7,5,6
2019/06/24,50870,Inbound,22582466054,1,05/27,05/27,0,40,28,28,6
2019/06/24,38230,Inbound,22582590063,1,03/05,03/05,0,194,111,111,6
2019/06/24,29992,Inbound,22582723649,1,12/20,03/20,0,120,186,96,6
2019/06/24,53284,Inbound,22582804900,1,06/13,06/13,0,3,11,11,6
2019/06/24,54375,Inbound,22582913563,1,06/20,06/20,0,6,4,4,6
2019/06/24,39576,Inbound,22583410465,1,03/13,03/13,0,31,103,103,6
2019/06/24,53144,Inbound,22583745173,1,06/12,06/12,0,6,12,12,6
2019/06/24,27889,Inbound,22583749987,1,12/11,12/11,0,117,195,195,6
2019/06/24,20391,Inbound,22584343340,1,10/15,12/22,39,0,252,184,6
2019/06/24,48072,Inbound,22584428539,1,05/09,05/10,0,61,46,45,6
2019/06/24,21366,Inbound,22584650985,1,10/25,11/26,2,461,242,210,6
2019/06/24,37228,Inbound,22585313717,1,02/27,02/27,0,448,117,117,6
2019/06/25,52197,Inbound,22585727173,1,06/05,06/05,3,14,20,20,6
2019/06/25,50086,Inbound,22585902210,1,05/21,05/22,0,114,35,34,6
2019/06/25,13337,Inbound,22585956190,1,06/02,06/08,2,352,388,382,6
2019/06/25,53980,Inbound,22586382832,1,06/17,06/17,0,5,8,8,6
2019/06/25,32019,Inbound,22587439752,1,12/27,03/26,0,120,180,91,6
2019/06/25,54375,Inbound,22587742852,1,06/20,06/20,0,6,5,5,6
2019/06/25,22238,Inbound,22587776330,1,11/02,11/02,0,71,235,235,6
2019/06/25,13337,Inbound,22588159489,1,06/02,06/08,2,352,388,382,6
2019/06/25,50086,Inbound,22588264982,1,05/21,05/22,0,114,35,34,6
2019/06/25,47033,Inbound,22588284555,1,05/02,05/03,0,125,54,53,6
2019/06/25,53144,Inbound,22588469781,1,06/12,06/12,0,6,13,13,6
2019/06/25,49186,Inbound,22588573383,1,05/16,05/16,0,218,40,40,6
2019/06/25,52019,Inbound,22588735078,1,06/04,06/05,0,23,21,20,6
2019/06/25,50458,Inbound,22589311086,1,05/24,05/24,0,47,32,32,6
2019/06/25,21959,Inbound,22594522471,1,10/30,11/01,20,5,238,236,6
2019/06/25,45141,Inbound,22595010015,1,04/20,04/21,0,71,66,65,6
2019/06/25,23693,Inbound,22596242245,1,11/15,11/15,0,0,222,222,6
2019/06/25,50463,Inbound,22598671284,1,05/24,05/25,0,44,32,31,6
2019/06/25,50086,Inbound,22598715233,1,05/21,05/22,0,114,35,34,6
2019/06/25,43733,Inbound,22598756043,1,04/10,04/10,0,0,76,76,6
2019/06/25,23324,Inbound,22598866309,1,11/12,11/17,4,129,225,220,6
2019/06/25,54393,Inbound,22598952856,1,06/20,06/21,0,2,5,4,6
2019/06/25,37966,Inbound,22599285037,1,03/03,03/05,2,12,114,112,6
2019/06/25,44741,Inbound,22599383861,1,04/17,04/18,0,55,69,68,6
2019/06/25,10255,Inbound,22599460391,1,02/11,06/03,0,0,499,22,6
2019/06/25,50086,Inbound,22600087966,1,05/21,05/22,0,114,35,34,6
2019/06/25,20057,Inbound,22600142554,1,10/12,10/12,1,111,256,256,6
2019/06/25,49934,Inbound,22600385129,1,05/20,05/21,0,18,36,35,6
2019/06/25,44861,Inbound,22600754924,1,04/18,04/21,8,90,68,65,6
2019/06/25,52197,Inbound,22600834723,1,06/05,06/05,3,14,20,20,6
2019/06/25,52197,Inbound,22601048076,1,06/05,06/05,3,14,20,20,6
2019/06/25,45141,Inbound,22601240071,1,04/20,04/21,0,71,66,65,6
2019/06/26,51384,Inbound,22601735886,1,05/31,06/01,0,37,26,25,6
2019/06/26,25211,Inbound,22601819704,1,11/27,12/04,0,338,211,204,6
2019/06/26,17901,Inbound,22601824949,1,09/14,09/15,13,68,285,284,6
2019/06/26,47383,Inbound,22601831836,1,05/05,05/06,0,13,52,51,6
2019/06/26,48117,Inbound,22602342577,1,05/09,05/12,0,12,48,45,6
2019/06/26,50086,Inbound,22604050629,1,05/21,05/22,0,114,36,35,6
2019/06/26,20398,Inbound,22604910951,1,10/15,10/16,5,70,254,253,6
2019/06/26,54182,Inbound,22605791910,1,06/18,06/18,0,7,8,8,6
2019/06/26,20398,Inbound,22607180722,1,10/15,10/16,5,70,254,253,6
2019/06/26,52373,Inbound,22607967096,1,06/07,06/10,0,1,19,16,6
2019/06/26,54393,Inbound,22609734768,1,06/20,06/21,0,2,6,5,6
2019/06/26,50086,Inbound,22611172656,1,05/21,05/22,0,114,36,35,6
2019/06/26,46945,Inbound,22611293918,1,05/02,05/02,0,0,55,55,6
2019/06/26,7324,Inbound,22611989440,1,11/23,11/23,1,1028,580,580,6
2019/06/26,20104,Inbound,22612129918,1,10/12,03/23,22,0,257,95,6
2019/06/26,54929,Inbound,22612647523,1,06/23,06/23,0,5,3,3,6
2019/06/26,20398,Inbound,22613136832,1,10/15,10/16,5,70,254,253,6
2019/06/26,48190,Inbound,22613636135,1,05/10,05/12,0,22,47,45,6
2019/06/26,54122,Inbound,22613885792,1,06/18,06/21,0,0,8,5,6
2019/06/26,17575,Inbound,22614060199,1,09/12,10/12,3,6,287,257,6
2019/06/26,38230,Inbound,22614464309,1,03/05,03/05,0,194,113,113,6
2019/06/26,44505,Inbound,22614774775,1,04/15,04/15,0,4,72,72,6
2019/06/26,48117,Inbound,22614869710,1,05/09,05/12,0,12,48,45,6
2019/06/26,43415,Inbound,22615428428,1,04/07,04/07,5,49,80,80,6
2019/06/26,44861,Inbound,22615635235,1,04/18,04/21,8,90,69,66,6
2019/06/26,9108,Inbound,22615639155,1,01/11,01/11,0,2,531,531,6
2019/06/26,38089,Inbound,22615641838,1,03/04,03/04,0,290,114,114,6
2019/06/26,44962,Inbound,22615659271,1,04/19,04/21,0,0,68,66,6
2019/06/26,44861,Inbound,22615739978,1,04/18,04/21,8,90,69,66,6
2019/06/26,53144,Inbound,22616176621,1,06/12,06/12,0,6,14,14,6
2019/06/26,14340,Inbound,22616177145,1,07/02,07/02,0,5,359,359,6
2019/06/26,4267,Inbound,22616252755,1,08/23,08/23,1,816,672,672,6
2019/06/26,44741,Inbound,22616286729,1,04/17,04/18,0,55,70,69,6
2019/06/26,14340,Inbound,22616346738,1,07/02,07/02,0,5,359,359,6
2019/06/26,46779,Inbound,22616408983,1,05/01,05/01,0,59,56,56,6
2019/06/26,46159,Inbound,22616460700,1,04/27,04/28,0,0,60,59,6
2019/06/26,54751,Inbound,22616687983,1,06/22,06/23,0,0,4,3,6
2019/06/26,49934,Inbound,22617424415,1,05/20,05/21,0,18,37,36,6
2019/06/26,54757,Inbound,22617533354,1,06/22,06/22,0,0,4,4,6
2019/06/26,33690,Inbound,22617993278,1,01/31,02/01,0,17,146,145,6
2019/06/26,18586,Inbound,22618086250,1,09/22,09/22,15,905,277,277,6
2019/06/26,44861,Inbound,22618304511,1,04/18,04/21,8,90,69,66,6
2019/06/26,48072,Inbound,22618736776,1,05/09,05/10,0,61,48,47,6
2019/06/27,39576,Inbound,22619161524,1,03/13,03/13,0,31,106,106,6
2019/06/27,50870,Inbound,22619447274,1,05/27,05/27,0,40,31,31,6
2019/06/27,25211,Inbound,22619819081,1,11/27,12/04,0,338,212,205,6
2019/06/27,52197,Inbound,22620096921,1,06/05,06/05,3,14,22,22,6
2019/06/27,46779,Inbound,22620124011,1,05/01,05/01,0,59,57,57,6
2019/06/27,54757,Inbound,22620228126,1,06/22,06/22,0,0,5,5,6
2019/06/27,47033,Inbound,22620234579,1,05/02,05/03,0,125,56,55,6
2019/06/27,27889,Inbound,22620324243,1,12/11,12/11,0,117,198,198,6
2019/06/27,32019,Inbound,22620507315,1,12/27,03/26,0,120,182,93,6
2019/06/27,46779,Inbound,22620567353,1,05/01,05/01,0,59,57,57,6
2019/06/27,18089,Inbound,22621107710,1,09/15,09/15,4,259,285,285,6
2019/06/27,50458,Inbound,22621197120,1,05/24,05/24,0,47,34,34,6
2019/06/27,50458,Inbound,22622832784,1,05/24,05/24,0,47,34,34,6
2019/06/27,50613,Inbound,22622902817,1,05/25,05/25,4,12,33,33,6
2019/06/27,25211,Inbound,22622926870,1,11/27,12/04,0,338,212,205,6
2019/06/27,54752,Inbound,22623181011,1,06/22,06/22,0,0,5,5,6
2019/06/27,50086,Inbound,22623233701,1,05/21,05/22,0,114,37,36,6
2019/06/27,54757,Inbound,22623436270,1,06/22,06/22,0,0,5,5,6
2019/06/27,15612,Inbound,22624760034,1,08/01,08/01,0,2,330,330,6
2019/06/27,48235,Inbound,22625638686,1,05/10,05/12,0,10,48,46,6
2019/06/27,20398,Inbound,22625781170,1,10/15,10/16,5,70,255,254,6
2019/06/27,51211,Inbound,22628070064,1,05/30,05/31,0,31,28,27,6
2019/06/27,26592,Inbound,22628209521,1,12/05,12/20,0,5,204,189,6
2019/06/27,7324,Inbound,22628998011,1,11/23,11/23,1,1028,581,581,6
2019/06/27,50086,Inbound,22629076458,1,05/21,05/22,0,114,37,36,6
2019/06/27,13465,Inbound,22629345348,1,06/07,06/08,0,15,385,384,6
2019/06/27,51267,Inbound,22630237727,1,05/30,05/31,0,0,28,27,6
2019/06/27,51246,Inbound,22630287553,1,05/30,05/30,0,5,28,28,6
2019/06/27,52869,Inbound,22630996135,1,06/10,06/10,0,10,17,17,6
2019/06/27,44741,Inbound,22631282237,1,04/17,04/18,0,55,71,70,6
2019/06/27,44861,Inbound,22631292097,1,04/18,04/21,8,90,70,67,6
2019/06/27,5662,Inbound,22631357745,1,10/11,10/11,0,245,624,624,6
2019/06/27,38230,Inbound,22631615647,1,03/05,03/05,0,194,114,114,6
2019/06/27,54515,Inbound,22631747530,1,06/21,06/24,0,0,6,3,6
2019/06/27,53810,Inbound,22631856242,1,06/16,06/18,0,2,11,9,6
2019/06/27,54929,Inbound,22631900033,1,06/23,06/23,0,5,4,4,6
2019/06/27,31804,Inbound,22631934935,1,12/27,02/17,0,92,182,130,6
2019/06/27,2278,Inbound,22631991420,1,04/06,11/25,1,0,812,214,6
2019/06/27,17967,Inbound,22632058201,1,09/14,09/17,2,214,286,283,6
2019/06/27,44861,Inbound,22632451403,1,04/18,04/21,8,90,70,67,6
2019/06/27,51779,Inbound,22632477137,1,06/03,06/18,0,5,24,9,6
2019/06/27,46779,Inbound,22632762495,1,05/01,05/01,0,59,57,57,6
2019/06/27,45325,Inbound,22633876668,1,04/21,04/21,0,82,67,67,6
2019/06/27,54515,Inbound,22633959219,1,06/21,06/24,0,0,6,3,6
2019/06/27,38089,Inbound,22634385577,1,03/04,03/04,0,290,115,115,6
2019/06/27,7324,Inbound,22634904514,1,11/23,11/23,1,1028,581,581,6
2019/06/27,52197,Inbound,22635288904,1,06/05,06/05,3,14,22,22,6
2019/06/27,50340,Inbound,22635376147,1,05/23,05/23,0,31,35,35,6
2019/06/27,22000,Inbound,22635383301,1,10/30,05/08,9,0,240,50,6
2019/06/27,54751,Inbound,22635407357,1,06/22,06/23,0,0,5,4,6
2019/06/27,45141,Inbound,22635441708,1,04/20,04/21,0,71,68,67,6
2019/06/28,30920,Inbound,22636375713,1,12/23,06/02,0,6,187,26,6
2019/06/28,53746,Inbound,22636598121,1,06/15,06/16,0,7,13,12,6
2019/06/28,4956,Inbound,22636713547,1,09/18,02/27,0,30,648,121,6
2019/06/28,48731,Inbound,22637152569,1,05/13,05/14,0,13,46,45,6
2019/06/28,18586,Inbound,22637249494,1,09/22,09/22,15,905,279,279,6
2019/06/28,46779,Inbound,22637524075,1,05/01,05/01,0,59,58,58,6
2019/06/28,21015,Inbound,22638029371,1,10/21,11/18,2,83,250,222,6
2019/06/28,9258,Inbound,22638398684,1,01/15,01/16,18,520,529,528,6
2019/06/28,46174,Inbound,22638891123,1,04/27,04/28,0,18,62,61,6
2019/06/28,13338,Inbound,22643355723,1,06/02,07/14,2,18,391,349,6
2019/06/28,8039,Inbound,22643411570,1,12/11,12/12,1,388,564,563,6
2019/06/28,51373,Inbound,22643472580,1,05/31,05/31,0,2,28,28,6
2019/06/28,44715,Inbound,22643533886,1,04/17,04/17,0,75,72,72,6
2019/06/28,28269,Inbound,22643945219,1,12/13,12/16,12,660,197,194,6
2019/06/28,50458,Inbound,22644339260,1,05/24,05/24,0,47,35,35,6
2019/06/28,18060,Inbound,22644361576,1,09/15,09/24,13,208,286,277,6
2019/06/28,37228,Inbound,22644383210,1,02/27,02/27,0,448,121,121,6
2019/06/28,48021,Inbound,22644602350,1,05/08,05/08,0,2,51,51,6
2019/06/28,49186,Inbound,22644611297,1,05/16,05/16,0,218,43,43,6
2019/06/28,48117,Inbound,22644783174,1,05/09,05/12,0,12,50,47,6
2019/06/28,23315,Inbound,22645127777,1,11/12,11/13,0,88,228,227,6
2019/06/28,51221,Inbound,22645236348,1,05/30,05/30,0,170,29,29,6
2019/06/28,17779,Inbound,22645292122,1,09/13,09/13,10,539,288,288,6
2019/06/28,20780,Inbound,22646312066,1,10/19,10/30,1,40,252,241,6
2019/06/28,54124,Inbound,22646899711,1,06/18,06/20,0,0,10,8,6
2019/06/28,11414,Inbound,22647385006,1,03/18,03/18,9,299,467,467,6
2019/06/28,38230,Inbound,22647392379,1,03/05,03/05,0,194,115,115,6
2019/06/28,44861,Inbound,22647416293,1,04/18,04/21,8,90,71,68,6
2019/06/28,37228,Inbound,22647423691,1,02/27,02/27,0,448,121,121,6
2019/06/28,48021,Inbound,22647481466,1,05/08,05/08,0,2,51,51,6
2019/06/28,54264,Inbound,22647615037,1,06/19,06/20,0,0,9,8,6
2019/06/28,44526,Inbound,22648006776,1,04/15,04/15,0,48,74,74,6
2019/06/28,50086,Inbound,22648013004,1,05/21,05/22,0,114,38,37,6
2019/06/28,20398,Inbound,22648194933,1,10/15,10/16,5,70,256,255,6
2019/06/28,45143,Inbound,22648215998,1,04/20,04/21,0,57,69,68,6
2019/06/28,49934,Inbound,22648234945,1,05/20,05/21,0,18,39,38,6
2019/06/28,44861,Inbound,22648349921,1,04/18,04/21,8,90,71,68,6
2019/06/28,49372,Inbound,22648451660,1,05/17,05/18,0,109,42,41,6
2019/06/28,53600,Inbound,22648651124,1,06/15,06/17,0,0,13,11,6
2019/06/28,16379,Inbound,22648693745,1,08/21,08/22,0,45,311,310,6
2019/06/28,53600,Inbound,22648734657,1,06/15,06/17,0,0,13,11,6
2019/06/28,27834,Inbound,22648742578,1,12/11,12/11,0,126,199,199,6
2019/06/28,53021,Inbound,22649079044,1,06/11,06/12,0,35,17,16,6
2019/06/28,44861,Inbound,22649377040,1,04/18,04/21,8,90,71,68,6
2019/06/28,45476,Inbound,22649600108,1,04/22,04/23,3,29,67,66,6
2019/06/28,38089,Inbound,22649603406,1,03/04,03/04,0,290,116,116,6
2019/06/28,27889,Inbound,22650771462,1,12/11,12/11,0,117,199,199,6
2019/06/29,36998,Inbound,22651272254,1,02/25,02/26,0,176,124,123,6
2019/06/29,54208,Inbound,22651332807,1,06/18,06/20,0,2,11,9,6
2019/06/29,18570,Inbound,22651565226,1,09/21,09/23,0,163,281,279,6
2019/06/29,52197,Inbound,22651594287,1,06/05,06/05,3,14,24,24,6
2019/06/29,48021,Inbound,22651684424,1,05/08,05/08,0,2,52,52,6
2019/06/29,50458,Inbound,22651706594,1,05/24,05/24,0,47,36,36,6
2019/06/29,35053,Inbound,22652366221,1,02/11,02/11,4,66,138,138,6
2019/06/29,25211,Inbound,22653665882,1,11/27,12/04,0,338,214,207,6
2019/06/29,54750,Inbound,22653966341,1,06/22,06/25,0,0,7,4,6
2019/06/29,26484,Inbound,22653969324,1,12/04,04/12,10,0,207,78,6
2019/06/29,37228,Inbound,22654092231,1,02/27,02/27,0,448,122,122,6
2019/06/29,45476,Inbound,22654101475,1,04/22,04/23,3,29,68,67,6
2019/06/29,37391,Inbound,22654497420,1,02/28,02/28,0,49,121,121,6
2019/06/29,29992,Inbound,22654634398,1,12/20,03/20,0,120,191,101,6
2019/06/29,45141,Inbound,22654686995,1,04/20,04/21,0,71,70,69,6
2019/06/29,49830,Inbound,22654705298,1,05/19,05/19,0,44,41,41,6
2019/06/29,54375,Inbound,22654734306,1,06/20,06/20,0,6,9,9,6
2019/06/29,53746,Inbound,22654934370,1,06/15,06/16,0,7,14,13,6
2019/06/29,49186,Inbound,22655299955,1,05/16,05/16,0,218,44,44,6
2019/06/29,7632,Inbound,22655935854,1,12/01,12/01,1,111,575,575,6
2019/06/29,38089,Inbound,22656110043,1,03/04,03/04,0,290,117,117,6
2019/06/29,54933,Inbound,22656860906,1,06/23,06/23,0,6,6,6,6
2019/06/29,49617,Inbound,22657773089,1,05/18,05/18,0,24,42,42,6
2019/06/29,41321,Inbound,22658309048,1,03/25,03/25,5,24,96,96,6
2019/06/29,10677,Inbound,22658390407,1,02/23,02/23,0,35,491,491,6
2019/06/29,15787,Inbound,22658861095,1,08/05,08/05,0,17,328,328,6
2019/06/29,18089,Inbound,22658972066,1,09/15,09/15,4,259,287,287,6
2019/06/29,53144,Inbound,22659153249,1,06/12,06/12,0,6,17,17,6
2019/06/29,12988,Inbound,22659507681,1,05/18,06/01,41,1,407,393,6
2019/06/29,1902,Inbound,22659528755,1,02/11,04/13,0,29,868,77,6
2019/06/29,54101,Inbound,22659825129,1,06/18,06/18,0,0,11,11,6
2019/06/29,38230,Inbound,22660196895,1,03/05,03/05,0,194,116,116,6
2019/06/29,54095,Inbound,22660246174,1,06/18,06/19,0,0,11,10,6
2019/06/29,51895,Inbound,22660269253,1,06/03,06/03,0,11,26,26,6
2019/06/29,42305,Inbound,22660717508,1,03/31,03/31,0,71,90,90,6
2019/06/29,28820,Inbound,22661138921,1,12/15,12/15,0,69,196,196,6
2019/06/29,42305,Inbound,22661895784,1,03/31,03/31,0,71,90,90,6
2019/06/29,50458,Inbound,22661961902,1,05/24,05/24,0,47,36,36,6
2019/06/29,37228,Inbound,22662015779,1,02/27,02/27,0,448,122,122,6
2019/06/29,54256,Inbound,22662088277,1,06/19,06/23,0,0,10,6,6
2019/06/29,52197,Inbound,22662682791,1,06/05,06/05,3,14,24,24,6
2019/06/29,12529,Inbound,22662748845,1,04/28,12/13,31,185,427,198,6
2019/06/29,54938,Inbound,22662911334,1,06/23,06/23,0,4,6,6,6
2019/06/29,53810,Inbound,22662969366,1,06/16,06/18,0,2,13,11,6
2019/06/29,50458,Inbound,22662973388,1,05/24,05/24,0,47,36,36,6
2019/06/29,51103,Inbound,22663078326,1,05/29,05/29,0,30,31,31,6
2019/06/29,38089,Inbound,22663165411,1,03/04,03/04,0,290,117,117,6
2019/06/29,48072,Inbound,22663388921,1,05/09,05/10,0,61,51,50,6
2019/06/29,9258,Inbound,22663457394,1,01/15,01/16,18,520,530,529,6
2019/06/29,19860,Inbound,22663467735,1,10/09,10/09,4,321,263,263,6
2019/06/30,48731,Inbound,22663919800,1,05/13,05/14,0,13,48,47,6
2019/06/30,46959,Inbound,22663942274,1,05/02,05/03,0,14,59,58,6
2019/06/30,33002,Inbound,22664186796,1,01/06,01/06,0,326,175,175,6
2019/06/30,37228,Inbound,22664238334,1,02/27,02/27,0,448,123,123,6
2019/06/30,47033,Inbound,22664265355,1,05/02,05/03,0,125,59,58,6
2019/06/30,48175,Inbound,22664298016,1,05/10,05/10,0,10,51,51,6
2019/06/30,54752,Inbound,22664313424,1,06/22,06/22,0,0,8,8,6
2019/06/30,48731,Inbound,22664559972,1,05/13,05/14,0,13,48,47,6
2019/06/30,53144,Inbound,22664717358,1,06/12,06/12,0,6,18,18,6
2019/06/30,52197,Inbound,22664775694,1,06/05,06/05,3,14,25,25,6
2019/06/30,25211,Inbound,22664907751,1,11/27,12/04,0,338,215,208,6
2019/06/30,9258,Inbound,22664916363,1,01/15,01/16,18,520,531,530,6
2019/06/30,49186,Inbound,22665037740,1,05/16,05/16,0,218,45,45,6
2019/06/30,49186,Inbound,22665565691,1,05/16,05/16,0,218,45,45,6
2019/06/30,17716,Inbound,22665854393,1,09/13,09/13,0,1,290,290,6
2019/06/30,20398,Inbound,22666838614,1,10/15,10/16,5,70,258,257,6
2019/06/30,53140,Inbound,22667073133,1,06/12,06/22,0,0,18,8,6
2019/06/30,20398,Inbound,22667393756,1,10/15,10/16,5,70,258,257,6
2019/06/30,18089,Inbound,22667438961,1,09/15,09/15,4,259,288,288,6
2019/06/30,49934,Inbound,22667505240,1,05/20,05/21,0,18,41,40,6
2019/06/30,33002,Inbound,22667547297,1,01/06,01/06,0,326,175,175,6
2019/06/30,37773,Inbound,22668319277,1,03/02,03/02,0,70,120,120,6
2019/06/30,28010,Inbound,22668416078,1,12/12,12/12,7,153,200,200,6
2019/06/30,45143,Inbound,22668496605,1,04/20,04/21,0,57,71,70,6
2019/06/30,38089,Inbound,22668542088,1,03/04,03/04,0,290,118,118,6
2019/06/30,28269,Inbound,22668868887,1,12/13,12/16,12,660,199,196,6
2019/06/30,29992,Inbound,22669109914,1,12/20,03/20,0,120,192,102,6
2019/06/30,49934,Inbound,22669229075,1,05/20,05/21,0,18,41,40,6
2019/06/30,27488,Inbound,22669375434,1,12/09,12/11,2,497,203,201,6
2019/06/30,53399,Inbound,22669495091,1,06/14,06/16,0,0,16,14,6
2019/06/30,53980,Inbound,22669514117,1,06/17,06/17,0,5,13,13,6
2019/06/30,36998,Inbound,22669682407,1,02/25,02/26,0,176,125,124,6
2019/06/30,49934,Inbound,22669688832,1,05/20,05/21,0,18,41,40,6
2019/06/30,13337,Inbound,22669735095,1,06/02,06/08,2,352,393,387,6
2019/06/30,53980,Inbound,22669942396,1,06/17,06/17,0,5,13,13,6
2019/06/30,44733,Inbound,22670017188,1,04/17,04/17,0,11,74,74,6
2019/06/30,24636,Inbound,22670065858,1,11/24,11/24,0,53,218,218,6
2019/06/30,10773,Inbound,22670092417,1,02/26,02/27,1,999,489,488,6
2019/06/30,3557,Inbound,22670295709,1,07/09,01/05,10,697,721,541,6
2019/06/30,50870,Inbound,22670442132,1,05/27,05/27,0,40,34,34,6
2019/06/30,50340,Inbound,22670559826,1,05/23,05/23,0,31,38,38,6
2019/06/30,52756,Inbound,22670607056,1,06/09,06/09,0,21,21,21,6